"","ï..","date","species","bands","sx","sy","time","month","year","slope","pres","PlotName","gr","fire","burnyr","Spring","BrLagOne","BrLagTwo","mgmt","elev","soil","obs","HT","LG","LF","BG","DG","DistToShrubs","DistToTrees","PropShrubs","PropTrees"
"1",1,2018-06-12,"EAME","YR-SD",712553,4330143,1533,6,2018,0.0417366410244158,1,"C3A","cattle","3","0",98.6,324.3,397.4,"cattle3",419.330017089844,"4625",0,3.95359555144668,0.212880676599967,0.187403109524316,0.214433131490629,0.209939859037709,0.0205872095136258,0.095432309575213,0.00607287449392713,0
"2",2,2018-07-08,"EAME","DA-DS",711046,4328581,1559,7,2018,0.0366412400849451,1,"1D",NA,NA,NA,NA,NA,NA,"NANA",441.52001953125,"4530",0,NA,NA,NA,NA,NA,0.076671363516094,0.276924570177814,0,0
"3",3,2019-05-11,"EAME","SB-KW",711779,4329290,1866,5,2019,0.13245292115333,1,"C3C","cattle","3","0",222.8,238,324.3,"cattle3",439.051025390625,"4530",0,2.18352297341587,0.259387054162933,0.166406729652973,0.269302966527831,0.118650547026906,0.0215663785251199,0.0469768848553769,0.09007164790174,0.00102354145342886
"4",4,2019-05-11,"EAME","SR-GD",711713,4329308,1866,5,2019,0.0437665256494998,1,"C3C","cattle","3","0",222.8,238,324.3,"cattle3",441.403015136719,"4530",0,2.02004502064482,0.264489356555971,0.175967409277645,0.266235709993374,0.119166055501287,0.0353796625996729,0.0990477638851047,0.0015353121801433,0
"5",5,2019-05-11,"EAME","OS-YK",711883,4329431,1866,5,2019,0.0479142042900472,1,"C3B","cattle","3","0",222.8,238,324.3,"cattle3",440.986022949219,"4530",0,2.25386877161254,0.252284262186206,0.191847641722498,0.260279125170417,0.113512897156159,0.0434911065972467,0.0571571329791431,0,0
"6",6,2019-05-11,"EAME","WS-WW",712043,4329392,1866,5,2019,0.0446901613063391,1,"C3B","cattle","3","0",222.8,238,324.3,"cattle3",440.961029052734,"4530",0,2.39782787810236,0.256450712453527,0.201516331136785,0.242459088370115,0.110081729629751,0.0241687515521271,0.0935619314379433,0.00665301944728762,0
"7",7,2019-05-13,"EAME","OG-YS",711236,4330180,1868,5,2019,0.0960237076337461,1,"K1B","ungr","1","1",222.8,238,324.3,"ungr1",413.034027099609,"4530",0,2.13293750692962,0.381410622855137,0.15696025404467,0.449373973548493,0.0394317716660538,0.0543750893673207,0.0734776634255625,0,0
"8",8,2019-05-20,"EAME","AA-SK",711531,4328994,1875,5,2019,0.0630372404186343,1,"C3C","cattle","3","0",222.8,238,324.3,"cattle3",440.425018310547,"4530",0,1.93606824167813,0.300307624830325,0.154835293203809,0.254992178172679,0.126191271816651,0.0355059193489413,0.0555204448786811,0.0107471852610031,0
"9",10,2019-06-01,"EAME","BA-KS",712026,4329391,1887,6,2019,0.0350371282520441,1,"C3B","cattle","3","0",222.8,238,324.3,"cattle3",441.200012207031,"4530",0,3.40796101336716,0.29353897483589,0.224726863509139,0.176243666068338,0.126976291007868,0.0275518188960593,0.0792190290848317,0.00255885363357216,0
"10",11,2019-06-01,"EAME","SD-KO",712026,4329391,1887,6,2019,0.0350371282520441,1,"C3B","cattle","3","0",222.8,238,324.3,"cattle3",441.200012207031,"4530",0,3.40796101336716,0.29353897483589,0.224726863509139,0.176243666068338,0.126976291007868,0.0275518188960593,0.0792190290848317,0.00255885363357216,0
"11",12,2019-06-01,"EAME","BB-WS",711868,4329490,1887,6,2019,0.107365725617683,1,"C3B","cattle","3","0",222.8,238,324.3,"cattle3",439.790008544922,"4530",0,3.242471493408,0.277744692930364,0.205472967626919,0.202354731063415,0.131762668120007,0.023587816604425,0.0350402548037942,0.0407955124936257,0.0484446710861805
"12",13,2019-06-01,"EAME","SG-KK",711868,4329490,1887,6,2019,0.107365725617683,1,"C3B","cattle","3","0",222.8,238,324.3,"cattle3",439.790008544922,"4530",0,3.242471493408,0.277744692930364,0.205472967626919,0.202354731063415,0.131762668120007,0.023587816604425,0.0350402548037942,0.0407955124936257,0.0484446710861805
"13",15,2019-06-03,"EAME","GS-WB",712538,4330207,1889,6,2019,0.0548161258867957,1,"C3A","cattle","3","1",222.8,238,324.3,"cattle3",419.201019287109,"4625",0,2.89275953847353,0.252955821811165,0.236038252319253,0.358136312343679,0.0503933051902178,0.0147980913802735,0.0428082512146121,0.0230296827021494,0.00358239508700102
"14",16,2019-06-03,"EAME","SB-YB",712467,4330116,1889,6,2019,0.072448099914371,1,"C3A","cattle","3","1",222.8,238,324.3,"cattle3",422.041015625,"4783",0,2.74096126404578,0.255355859683611,0.242286238999689,0.364045293372453,0.0518742482809061,0.0187734758670603,0.0781730826612383,0.0230296827021494,0
"15",18,2019-06-06,"EAME","SK-BD",711152,4328903,1892,6,2019,0.0370521383376194,1,"2D","ungr","2","1",222.8,238,324.3,"ungr2",442.977020263672,"4625",0,2.18504646798201,0.382625853774718,0.16434694313233,0.319117689233324,0.0745169516864198,0.039506824827489,0.120611699055899,0.00255885363357216,0
"16",22,2019-06-10,"EAME","AK-SW",710783,4330657,1896,6,2019,0.0616870589767416,1,"K2A","ungr","2","0",222.8,238,324.3,"ungr2",413.135009765625,"4625",0,3.8201902029147,0.325605592891886,0.183764117825742,0.148769941031697,0.150547227448849,0.0356900471850366,0.132518444330948,0.0106275303643725,0
"17",23,2019-06-10,"EAME","SR-YG",710758,4330848,1896,6,2019,0.063687970449534,1,"K2A","ungr","2","0",222.8,238,324.3,"ungr2",414.042022705078,"4625",0,3.64756149209628,0.323150141661979,0.191457653937081,0.156212795481098,0.144504466154831,0.0217422311689822,0.0494972673315538,0.0938296787353391,0
"18",24,2019-06-11,"EAME","BS-GY",711424,4328621,1897,6,2019,0.0732652006428544,1,"2D","ungr","2","1",222.8,238,324.3,"ungr2",439.373016357422,"4530",0,2.31976258319183,0.411967630865396,0.155972565491599,0.303684897325908,0.0733202748672299,0.0561061979851999,0.0721900969907687,0,0
"19",25,2019-06-12,"EAME","AW-SG",711572,4329595,1898,6,2019,0.0660611569659309,1,"K1B","ungr","1","1",222.8,238,324.3,"ungr1",440.326019287109,"4530",0,2.66761755065029,0.45633488983703,0.203112838243413,0.353381020412667,0.0415363855383753,0.0499189909840214,0.110973452922327,0,0
"20",26,2019-06-12,"EAME","SB-KO",712045,4329382,1898,6,2019,0.0439874812311782,1,"C3B","cattle","3","0",222.8,238,324.3,"cattle3",440.850006103516,"4530",0,3.67280339647814,0.301864318224623,0.229518048707433,0.166510316548514,0.127881699691104,0.0233343035455015,0.0977697619785123,0.0112589559877175,0
"21",27,2019-06-13,"EAME","AY-KS",711838,4329766,1899,6,2019,0.0461705678335638,1,"C3B","cattle","3","0",222.8,238,324.3,"cattle3",440.039031982422,"4530",0,3.17231764880755,0.270984511618224,0.224265578354729,0.201081460933919,0.13657092022116,0.0551235410304097,0.128790917048826,0,0
"22",28,2019-06-13,"EAME","SO-DY",711801,4329710,1899,6,2019,0.116426329105184,1,"C3B","cattle","3","0",222.8,238,324.3,"cattle3",437.304016113281,"4530",0,3.2581232882569,0.26767531870179,0.208102499994715,0.211319670204514,0.13822323147974,0.032485346851166,0.0755357301728218,0.00767656090071648,0
"23",29,2019-06-13,"EAME","SO-BR",711633,4329902,1899,6,2019,0.0576316853975686,1,"C3A","cattle","3","1",222.8,238,324.3,"cattle3",439.004028320312,"4530",0,1.97471833433142,0.268501478884947,0.232075085866331,0.413886139728436,0.0708339395244968,0.0276817487104259,0.0697885052679429,0.0327533265097236,0
"24",30,2019-06-13,"EAME","AS-WD",712302,4329598,1899,6,2019,0.0706809722469978,1,"C3B","cattle","3","0",222.8,238,324.3,"cattle3",420.288024902344,"4530",0,4.30011385907651,0.277102194385154,0.230331358656824,0.176835977843366,0.119794130964141,0.00354803712221223,0.0598099139290598,0.471698113207547,0
"25",31,2019-06-17,"EAME","DS-KO",711693,4328498,1903,6,2019,0.0695239099101555,1,"C3C","cattle","3","0",222.8,238,324.3,"cattle3",440.388031005859,"4530",0,2.6954923658291,0.387194941599944,0.173288733355321,0.175664548157497,0.138786439203999,0.0317653610891526,0.070717995263781,0.00307062436028659,0
"26",32,2019-06-19,"EAME","AS-WK",712471,4329592,1905,6,2019,0.0547311049737603,1,"C3B","cattle","3","0",222.8,238,324.3,"cattle3",417.504028320312,"4625",0,4.21884925665228,0.282651943125168,0.233360289499557,0.173875925738173,0.118900213903259,0.0297212786877198,0.135566335869238,0.000511770726714432,0
"27",36,2019-06-25,"EAME","BB-PS",712383,4328910,1911,6,2019,0.115446034061971,1,"C3C","cattle","3","0",222.8,238,324.3,"cattle3",420.804016113281,"4530",0,3.66983734283633,0.342411208852159,0.19932205973195,0.154946071695141,0.142937891788423,0.00910654032680119,0.0621679371066521,0.151484135107472,0
"28",37,2019-06-26,"EAME","RO-SK",711059,4329002,1912,6,2019,0.0630692369003655,1,"K1B","ungr","1","1",222.8,238,324.3,"ungr1",442.254028320312,"4530",0,2.80169510144572,0.533304465530816,0.185402556680587,0.320369235887355,0.0388422492837369,0.0513592029298763,0.0733742514470766,0,0
"29",38,2019-06-26,"EAME","BA-SK",711008,4329226,1912,6,2019,0.107879606800221,1,"K1B","ungr","1","1",222.8,238,324.3,"ungr1",439.199035644531,"4530",0,2.73794003047908,0.51261946888477,0.186821604833419,0.329001700260801,0.0408174375762759,0.0212823114018794,0.0673504982662256,0.00764915859255482,0
"30",39,2019-06-29,"EAME","SD-OY",710664,4328639,1915,6,2019,0.104920792095177,1,"N1B","bison","1","1",222.8,238,324.3,"bison1",437.931030273438,"4530",0,1.78711868958822,0.204290832058821,0.2678333317328,0.383289161531663,0.0746586902140812,0.0216673599768663,0.0337770407201537,0.0373592630501535,0.000511770726714432
"31",41,2019-07-08,"EAME","BS-BB",711046,4328581,1924,7,2019,0.0366412400849451,1,"1D",NA,NA,NA,NA,NA,NA,"NANA",441.52001953125,"4530",0,NA,NA,NA,NA,NA,0.076671363516094,0.276924570177814,0,0
"32",42,2019-07-08,"EAME","GY-OS",711046,4328581,1924,7,2019,0.0366412400849451,1,"1D",NA,NA,NA,NA,NA,NA,"NANA",441.52001953125,"4530",0,NA,NA,NA,NA,NA,0.076671363516094,0.276924570177814,0,0
"33",45,2019-07-11,"EAME","GS-YY",711802,4329313,1927,7,2019,0.0911626765445926,1,"C3C","cattle","3","0",222.8,238,324.3,"cattle3",440.477020263672,"4530",0,4.62288243772326,0.365099728583823,0.225693736689385,0.128440744152467,0.142504220161078,0.0301251335113863,0.0484644306681577,0.00716479017400205,0
"34",46,2019-07-13,"EAME","GO-SY",711418,4328894,1929,7,2019,0.035711834568105,1,"C3C","cattle","3","0",222.8,238,324.3,"cattle3",442.515014648438,"4625",0,3.62642554194334,0.42128850334398,0.196162673437139,0.131412477589639,0.146966683128259,0.0467081533389689,0.0895753811450256,0,0
"35",47,2019-07-17,"EAME","WS-BY",711281,4330298,1933,7,2019,0.0902152026697255,1,"K1B","ungr","1","1",222.8,238,324.3,"ungr1",414.667022705078,"4530",0,4.81403083094441,0.509491829334894,0.210534727435341,0.23457451878796,0.0462306628034824,0.0371496008866121,0.0679171264734969,0.00204708290685773,0
"36",48,2019-07-18,"EAME","SO-DR",711597,4329586,1934,7,2019,0.0407965762754433,1,"K1B","ungr","1","1",222.8,238,324.3,"ungr1",440.884033203125,"4530",0,3.80822847857636,0.537208490719213,0.23746728659716,0.253032745005208,0.0418036480596924,0.0421829355850591,0.0945518307536535,0.00409416581371546,0
"37",49,2019-07-19,"EAME","AK-WS",712495,4329175,1935,7,2019,0.116599154318415,1,"C3C","cattle","3","0",222.8,238,324.3,"cattle3",414.677032470703,"4530",0,5.36217236265701,0.370933051640504,0.234600418339706,0.118741460205604,0.136402941413815,0.0221116072317983,0.0626375533664893,0.013663967611336,0
"38",52,2019-07-24,"EAME","GS-DW",710927,4329566,1940,7,2019,0.235186842618449,1,"K1B","ungr","1","1",222.8,238,324.3,"ungr1",436.260009765625,"4530",0,3.45673207425473,0.554374311058468,0.202354555582454,0.261541103756911,0.0441891591893348,0.0222856554989403,0.0601539465693134,0.0296827021494371,0
"39",53,2019-07-27,"EAME","SK-RY",711607,4328438,1943,7,2019,0.0319141453482815,1,"2D","ungr","2","1",222.8,238,324.3,"ungr2",443.586029052734,"4625",0,3.13176147422596,0.523141004027598,0.198719197789715,0.199029743519478,0.0699888600614395,0.0758395893051229,0.164318127597672,0,0
"40",54,2019-07-31,"EAME","BW-AS",711878,4329785,1947,7,2019,0.0353510801935056,1,"C3B","cattle","3","0",222.8,238,324.3,"cattle3",440.086029052734,"4530",0,4.59544508960454,0.355693714756204,0.265871138363698,0.130269718900037,0.127120953350825,0.0572951081882831,0.124263204447353,0,0
"41",55,2019-07-31,"EAME","SY-RD",711878,4329785,1947,7,2019,0.0353510801935056,1,"C3B","cattle","3","0",222.8,238,324.3,"cattle3",440.086029052734,"4530",0,4.59544508960454,0.355693714756204,0.265871138363698,0.130269718900037,0.127120953350825,0.0572951081882831,0.124263204447353,0,0
"42",56,2020-04-21,"EAME","SR-YG",710701,4330970,2212,4,2020,0.110148572492445,1,"K20A",NA,NA,NA,NA,NA,NA,"NANA",409.965026855469,"4530",0,NA,NA,NA,NA,NA,0.00527025463391751,0.0654811556532049,0.169907881269191,0
"43",57,2020-04-25,"EAME","OS-YK",711915,4329367,2216,4,2020,0.055161559356854,1,"C3C","cattle","3","0",136,560.4,238,"cattle3",440.580017089844,"4530",0,2.5840185148786,0.278684580196842,0.18315231961584,0.210415882768731,0.133990075578946,0.0345007578831973,0.0492260709286173,0,0
"51",58,2020-04-25,"EAME","OS-YK",711915,4329367,2216,4,2020,0.055161559356854,1,"C3C","cattle","3","0",136,560.4,238,"cattle3",440.580017089844,"4530",0,2.5840185148786,0.278684580196842,0.18315231961584,0.210415882768731,0.133990075578946,0.0345007578831973,0.0492260709286173,0,0
"59",60,2020-05-14,"EAME","SY-YW",709906,4329175,2235,5,2020,0.0506463188639824,1,"N1B","bison","1","1",136,560.4,238,"bison1",411.744018554688,"4530",0,1.9517249842069,0.241156463954793,0.27135115659557,0.391586606627487,0.0570696705374495,0.0129835117575422,0.0650499920258747,0.0332650972364381,0
"60",65,2020-05-27,"EAME","DD-BS",712432,4329862,2248,5,2020,0.0725093663855743,1,"C3B","cattle","3","1",136,560.4,238,"cattle3",415.495025634766,"4530",0,2.23427659604217,0.313211902144261,0.223742295122474,0.385790243306532,0.0407994102093652,0.0327497506744529,0.0761102664055021,0.0254971953085161,0
"61",69,2020-06-08,"EAME","KY-SD",712008,4329325,2260,6,2020,0.109975349161311,1,"C3C","cattle","3","0",136,560.4,238,"cattle3",439.786010742188,"4530",0,3.18172203878075,0.395128067513616,0.198265226634098,0.152309016349641,0.103617490487766,0.0158228165052541,0.0960784700919351,0.0885363357215967,0
"62",71,2020-06-23,"EAME","GR-BS",711782,4329735,2275,6,2020,0.069431819500529,1,"C3B","cattle","3","1",136,560.4,238,"cattle3",439.625030517578,"4530",0,1.80493546118937,0.378039213926586,0.223933375629153,0.382616112119786,0.0461446853156127,0.0469614380897674,0.0927393917173544,0,0
"63",74,2020-06-24,"EAME","DR-BS",711070,4328241,2276,6,2020,0.208172709939784,1,"2D","ungr","2","0",136,560.4,238,"ungr2",437.18603515625,"4530",0,3.2479336528876,0.467977019769726,0.131488194514899,0.169752932135991,0.0939845010032512,0.0236581826906417,0.117960321763673,0.00614124872057318,0
"64",76,2020-06-24,"EAME","BS-BB",711134,4328321,2276,6,2020,0.157566332796441,1,"2D","ungr","2","0",136,560.4,238,"ungr2",432.239013671875,"4530",0,3.24415098416194,0.482057547479321,0.128353010883867,0.16368257416868,0.097443101119018,0.0406612231384938,0.0617411670941352,0.00102354145342886,0
"65",79,2020-07-02,"EAME","DO-BS",711633,4328496,2284,7,2020,0.0340670916090766,1,"C3C","cattle","3","0",136,560.4,238,"cattle3",443.160034179688,"4625",0,2.50650316875961,0.540639272496949,0.171563560566224,0.135756487366204,0.107097008971595,0.0634719105742437,0.124379762908789,0,0
"66",81,2020-07-02,"EAME","RO-SD",711380,4329121,2284,7,2020,0.0459274025013078,1,"K1B","ungr","1","1",136,560.4,238,"ungr1",442.052032470703,"4625",0,2.46602670832657,0.667784371211525,0.178368705869062,0.256450278318073,0.0312102616578393,0.0216904087328164,0.0206653986317072,0.00511770726714432,0.0102354145342886
"67",82,2020-07-03,"EAME","SK-BD",710922,4328902,2285,7,2020,0.0454620014719145,1,"N20B",NA,NA,NA,NA,NA,NA,"NANA",441.826019287109,"4530",0,NA,NA,NA,NA,NA,0.0235254316420229,0.0801512572224775,0.0922998470168282,0
"68",84,2020-07-08,"EAME","GR-BS",711730,4329855,2290,7,2020,0.111889424398496,1,"C3A","cattle","3","0",136,560.4,238,"cattle3",436.897033691406,"4530",0,2.92347141843489,0.401829289914612,0.19755473668922,0.16924274635853,0.113085644717399,0.0214715931715183,0.0442678145916528,0.0583418628454452,0.000511770726714432
"69",85,2020-07-10,"EAME","BS-OW",712563,4330167,2292,7,2020,0.0414050019279853,1,"C3A","cattle","3","0",136,560.4,238,"cattle3",419.285034179688,"4625",0,4.11791436800397,0.398880972607046,0.210318365821612,0.132475048694171,0.0846615845962732,0.0197611839733433,0.0718855910089908,0.00607287449392713,0
"70",86,2020-07-13,"EAME","SO-xx",711218,4329036,2295,7,2020,0.0910102377837202,1,"K1B","ungr","1","1",136,560.4,238,"ungr1",441.194030761719,"4530",0,2.43705783713265,0.675429065134597,0.167492130088643,0.273845820622419,0.0303559696940249,0.0391024276073965,0.117033416746314,0,0
"71",87,2020-07-13,"EAME","GO-SO",711217,4329036,2295,7,2020,0.092364384155522,1,"K1B","ungr","1","1",136,560.4,238,"ungr1",441.194030761719,"4530",0,2.43772593714826,0.675297030868495,0.167334174862751,0.274053944445896,0.0303590359494193,0.0390011727326848,0.117854031559724,0,0
"72",88,2020-07-13,"EAME","SK-BD",711062,4328836,2295,7,2020,0.0236511369927943,1,"1D",NA,NA,NA,NA,NA,NA,"NANA",444.059020996094,"4625",0,NA,NA,NA,NA,NA,0.0413445627748062,0.155987915884531,0.000509943906170321,0
"73",91,2020-07-16,"EAME","OO-SG",710167,4328113,2298,7,2020,0.115348722668374,1,"N1B","bison","1","1",136,560.4,238,"bison1",435.956024169922,"4530",0,1.81863800942132,0.272090505555549,0.297293693527534,0.299522525307314,0.0483387253611096,0.0358450793249246,0.0626365102540988,0.00202429149797571,0
"74",99,2020-07-20,"EAME","RK-SG",712840,4329411,2302,7,2020,0.101804091186332,1,"C3C","cattle","3","0",136,560.4,238,"cattle3",418.453033447266,"4625",0,3.09745605443023,0.437014181332477,0.20391953767901,0.156596115372031,0.0978034906127035,0.0533699508976295,0.142398273898289,0,0
"75",47,2021-06-01,"EAME","SY-YW",709841,4329127,2618,6,2021,0.17690273290336,1,"N1B","bison","1","1",162.7,384.1,525.8,"bison1",403.35302734375,"4530",0,2.26100747643498,0.253138778218559,0.29677615026046,0.253888825843065,0.0884213009492798,0.00549631138949142,0.0529962566488909,0.233805668016194,0
"76",88,2021-06-25,"EAME","GO-DS",710032,4328136,2642,6,2021,0.169983295083892,1,"N1B","bison","1","1",162.7,384.1,525.8,"bison1",434.579010009766,"4530",0,1.74744905226032,0.191230210451965,0.338187108803012,0.211468053846702,0.0789948094145343,0.0283286379203096,0.0671846026726626,0.0071392146863845,0
"77",72,2021-06-16,"EAME","GO-OS",710550,4328299,2633,6,2021,0.0335173516762437,1,"N1B","bison","1","1",162.7,384.1,525.8,"bison1",439.167022705078,"4530",0,1.45428587397638,0.218123847618826,0.328212151892131,0.237503061508266,0.087761125933096,0.0187274606371996,0.0865156597390146,0.0470829068577277,0
"78",34,2021-05-27,"EAME","SR-OG",710579,4330291,2613,5,2021,0.0476733575643509,1,"K2A","ungr","2","0",162.7,384.1,525.8,"ungr2",411.227020263672,"4530",0,2.20477516584643,0.376108435565334,0.180042714370336,0.101598997273899,0.205778398922511,0.0463178117300227,0.102250491823202,0.00303643724696356,0
"79",26,2021-05-24,"EAME","RY-SO",710623,4328693,2610,5,2021,0.0879449302614211,1,"N1B","bison","1","1",162.7,384.1,525.8,"bison1",438.440032958984,"4530",0,1.08686491008377,0.22008424185044,0.26862314541471,0.304219485774604,0.0979988854485719,0.0233385512911194,0.0581876210715652,0.0303643724696356,0
"80",25,2021-05-24,"EAME","GO-OS",710683,4328358,2610,5,2021,0.0929559933985828,1,"N1B","bison","1","1",162.7,384.1,525.8,"bison1",437.972015380859,"4530",0,1.03899770259003,0.20905662097396,0.274531655881908,0.319265952015394,0.0908168739130807,0.0332913332916186,0.115675146353098,0.00460593654042989,0
"81",103,2021-07-02,"EAME","SR-OG",710872,4330267,2649,7,2021,0.0509561700534826,1,"K1B","ungr","1","1",162.7,384.1,525.8,"ungr1",413.682006835938,"4625",0,3.28833347346287,0.55315768288033,0.250380153009206,0.144292081373001,0.0550266537645138,0.064277430916226,0.147531065144247,0,0
"82",36,2021-05-27,"EAME","KS-WO",710929,4330287,2613,5,2021,0.0352473565746093,1,"K1B","ungr","1","1",162.7,384.1,525.8,"ungr1",414.765014648438,"4625",0,1.99544665666613,0.503274073231696,0.207628518549487,0.234283826720552,0.0547689765416648,0.0926309109246924,0.152796876669564,0,0
"83",101,2021-07-01,"EAME","BS-OW",711206,4330397,2648,7,2021,0.184359962071489,1,"K1B","ungr","1","1",162.7,384.1,525.8,"ungr1",421.373016357422,"4530",0,3.72344244479834,0.520938106647586,0.225494663767636,0.145802929488305,0.0576596689031332,0.0592451408694183,0.102096359732588,0,0
"84",7,2021-05-12,"EAME","KO-SG",711404,4330605,2598,5,2021,0.0684821670249521,1,"C3SB","cattle","3","0",162.7,384.1,525.8,"cattle3",413.9580078125,"4530",0,2.55525568957021,0.296735955608746,0.193912900537773,0.117269567000332,0.187475743116137,0.0182395864084092,0.0440434314370844,0.00972364380757421,0
"85",97,2021-06-29,"EAME","RK-GS",711622,4329428,2646,6,2021,0.0853671210364833,1,"C3B","cattle","3","0",162.7,384.1,525.8,"cattle3",439.643035888672,"4530",0,2.58992574657295,0.340409592312948,0.226873134826769,0.109791063920772,0.167083650658139,0.0317034101338553,0.0664763641721782,0.0112187659357471,0
"86",2,2021-04-24,"EAME","BB-BS",711632,4329819,2580,4,2021,0.046369619344185,1,"C3A","cattle","3","0",162.7,384.1,525.8,"cattle3",439.389007568359,"4530",0,1.25329464368618,0.290045986725069,0.187975378780881,0.206319336576154,0.170500450623265,0.0203653219776293,0.0905545231168413,0.0619242579324463,0
"87",58,2021-06-07,"EAME","SG-KY",711634,4329263,2624,6,2021,0.0586258344577612,1,"C3C","cattle","3","1",162.7,384.1,525.8,"cattle3",441.036010742188,"4530",0,1.75048614715055,0.377682833891143,0.239947749107264,0.228749937672412,0.0889101769387222,0.0514347696545302,0.0985171228586224,0,0
"88",130,2021-07-26,"EAME","SG-WR",711638,4328505,2673,7,2021,0.0344193754693101,1,"C3C","cattle","3","1",162.7,384.1,525.8,"cattle3",443.075012207031,"4625",0,2.08258729830713,0.466927788075955,0.261241429639355,0.161662472054862,0.0688309588535471,0.0619971311366149,0.118093045167206,0,0
"89",73,2021-06-16,"EAME","AS-DO",711692,4328533,2633,6,2021,0.0625664545817164,1,"C3C","cattle","3","1",162.7,384.1,525.8,"cattle3",441.037017822266,"4530",0,1.60375805173988,0.447030950656112,0.220084542993873,0.211312525682831,0.0841477228413928,0.034902820055027,0.0627032475376324,0.00204708290685773,0
"90",117,2021-07-08,"EAME","GS-RY",711740,4329701,2655,7,2021,0.11318755908447,1,"C3B","cattle","3","0",162.7,384.1,525.8,"cattle3",438.410034179688,"4530",0,3.41313079774785,0.338296681243337,0.256408490542951,0.0895329425903288,0.171659778452635,0.0378503505213943,0.0521306353630717,0.00614124872057318,0
"91",114,2021-07-08,"EAME","SB-YB",711740,4329701,2655,7,2021,0.11318755908447,1,"C3B","cattle","3","0",162.7,384.1,525.8,"cattle3",438.410034179688,"4530",0,3.41313079774785,0.338296681243337,0.256408490542951,0.0895329425903288,0.171659778452635,0.0378503505213943,0.0521306353630717,0.00614124872057318,0
"92",44,2021-05-29,"EAME","KS-WO",711769,4328364,2615,5,2021,0.0406660702940296,1,"C3C","cattle","3","1",162.7,384.1,525.8,"cattle3",441.769012451172,"4530",0,1.16388247873029,0.430508404814216,0.211252971740539,0.269694894874424,0.0807162122166353,0.0541040183329991,0.144488282490259,0,0
"93",45,2021-05-29,"EAME","SO-OO",711769,4328364,2615,5,2021,0.0406660702940296,1,"C3C","cattle","3","1",162.7,384.1,525.8,"cattle3",441.769012451172,"4530",0,1.16388247873029,0.430508404814216,0.211252971740539,0.269694894874424,0.0807162122166353,0.0541040183329991,0.144488282490259,0,0
"94",21,2021-05-20,"EAME","YS-XX",711792,4329993,2606,5,2021,0.119774958277611,1,"C3A","cattle","3","0",162.7,384.1,525.8,"cattle3",429.847015380859,"4530",0,2.06387466838868,0.28660908388043,0.203761399818504,0.15126262659961,0.185438076471603,0.0224041521087853,0.0342434598148458,0.0240532241555783,0.0015353121801433
"95",91,2021-06-26,"EAME","YY-BS",711811,4328651,2643,6,2021,0.260690887460022,1,"C3C","cattle","3","1",162.7,384.1,525.8,"cattle3",425.960021972656,"4530",0,2.01748643533875,0.414373049664391,0.190045614648314,0.220237287448421,0.0830101189609627,0.00734806003137152,0.0234235843619038,0.116396761133603,0.00253036437246964
"96",57,2021-06-07,"EAME","KD-DS",711848,4329147,2624,6,2021,0.0736043230840085,1,"C3C","cattle","3","1",162.7,384.1,525.8,"cattle3",439.328033447266,"4530",0,1.99871995632774,0.390576178380146,0.243973830850338,0.203859532530347,0.086624542165204,0.0250008808558058,0.0679749982982508,0.0312180143295803,0
"97",6,2021-05-12,"EAME","RS-DY",712182,4330181,2598,5,2021,0.0996440174014896,1,"C3A","cattle","3","0",162.7,384.1,525.8,"cattle3",439.745025634766,"4530",0,2.03040523498678,0.297035689423699,0.229225155494909,0.122274933454981,0.165569919808225,0.0118967413943034,0.127463219342267,0.0470829068577277,0
"98",85,2021-06-22,"EAME","BA-BS",712217,4330169,2639,6,2021,0.111373795716683,1,"C3A","cattle","3","0",162.7,384.1,525.8,"cattle3",434.456024169922,"4530",0,3.04753546948697,0.303201816446949,0.258034557971406,0.0908081029464455,0.155831334994764,0.00630348430876243,0.105977337394543,0.186234817813765,0
"99",53,2021-06-04,"EAME","BS-RW",712474,4330186,2621,6,2021,0.0545266076479538,1,"C3A","cattle","3","0",162.7,384.1,525.8,"cattle3",422.279022216797,"4783",0,3.37026867995357,0.309694031378646,0.24188124689022,0.0921787743258702,0.154024721344978,0.0148013072242236,0.0535510637940367,0.0290668026517083,0
"100",9,2021-05-17,"EAME","KR-SD",712480,4329648,2603,5,2021,0.056144937012637,1,"C3B","cattle","3","0",162.7,384.1,525.8,"cattle3",416.925018310547,"4625",0,2.56212030015149,0.31018123051749,0.229667675252709,0.129825016033084,0.151698929245978,0.0268923341365952,0.0795369069958709,0.0071392146863845,0
"101",10,2021-05-17,"EAME","DY-SY",712482,4329340,2603,5,2021,0.126534597144915,1,"C3C","cattle","3","1",162.7,384.1,525.8,"cattle3",426.930023193359,"4530",0,1.61205348712445,0.334816884510218,0.246821181978812,0.270665927932874,0.0780116307539871,0.0388636822909143,0.13854073112273,0.00101988781234064,0
"102",89,2021-06-25,"EAME","KO-SY",712566,4329250,2642,6,2021,0.0561508330604594,1,"C3C","cattle","3","1",162.7,384.1,525.8,"cattle3",418.224029541016,"4530",0,2.22082275219571,0.354434936288011,0.283285454489858,0.205440231992554,0.0746686083376213,0.0346531403953402,0.0727673816840862,0.00407955124936257,0
"103",4,2021-05-06,"EAME","BY-WS",712595,4330164,2592,5,2021,0.0418726467069317,1,"C3A","cattle","3","0",162.7,384.1,525.8,"cattle3",418.408020019531,"4625",0,2.56174443816868,0.297484925563024,0.21043987626065,0.126728405244433,0.141424904691107,0.0190411566756904,0.0657531342730346,0.0148413510747185,0
"104",3,2021-05-06,"EAME","SB-OW",712595,4330164,2592,5,2021,0.0418726467069317,1,"C3A","cattle","3","0",162.7,384.1,525.8,"cattle3",418.408020019531,"4625",0,2.56174443816868,0.297484925563024,0.21043987626065,0.126728405244433,0.141424904691107,0.0190411566756904,0.0657531342730346,0.0148413510747185,0
"105",67,2021-06-14,"EAME","GA-SO",712599,4330496,2631,6,2021,0.0274903431913922,1,"C3A","cattle","3","0",162.7,384.1,525.8,"cattle3",423.057006835938,"4625",0,3.83899432636958,0.301630464231164,0.237148077614624,0.0814353215282603,0.139140341711013,0.0468765134392201,0.0592978659506311,0,0
"106",31,2021-05-26,"EAME","BS-RW",712635,4330096,2612,5,2021,0.0573348994058492,1,"C3B","cattle","3","0",162.7,384.1,525.8,"cattle3",416.14501953125,"4530",0,2.82238626508278,0.28664694738612,0.215477982768604,0.126695984732873,0.138558484395784,0.0231892450767671,0.0645086176387447,0.00255885363357216,0
"107",61,2021-06-09,"EAME","SA-AW",712657,4329517,2626,6,2021,0.0380201989576119,1,"C3B","cattle","3","0",162.7,384.1,525.8,"cattle3",419.22802734375,"4625",0,2.99140525612453,0.336230348014296,0.253157594976136,0.0997551038236559,0.161054265102411,0.034782967723431,0.179749621704281,0.0161943319838057,0
"108",77,2021-06-19,"EAME","SG-KY",712669,4329577,2636,6,2021,0.0438665527082499,1,"C3B","cattle","3","0",162.7,384.1,525.8,"cattle3",418.265014648438,"4625",0,3.14446801519439,0.327795988696207,0.25669976573842,0.0994560484612607,0.150523639892835,0.0216389822264377,0.127441366493461,0.0101214574898785,0
"109",11,2021-05-18,"EAME","AS-BW",712710,4330597,2604,5,2021,0.0407920541705816,1,"C3SB","cattle","3","0",162.7,384.1,525.8,"cattle3",421.601013183594,"4625",0,3.06156984415485,0.28590870935059,0.203847392554232,0.108562575756714,0.132237386447188,0.020893919246868,0.0934460568322801,0.0388945752302968,0
"110",71,2021-06-15,"EAME","KO-SY",712728,4329241,2632,6,2021,0.0909906318840303,1,"C3C","cattle","3","1",162.7,384.1,525.8,"cattle3",415.9580078125,"4530",0,1.99909338344727,0.353225373507359,0.266800590387628,0.223430719260666,0.0807484066354966,0.0176423855491474,0.0585938717058441,0.0649948822927329,0
"111",NA,2021-04-24,NA,"GR-BS",711632,4329804.66666667,2580,4,2021,0.0380242784065653,1,"C3A","cattle","3","0",162.7,384.1,525.8,"cattle3",439.744018554688,"4530",0,1.24987413039376,0.291440867451854,0.189280597361061,0.205533786265412,0.169914450532335,0.0251724143240515,0.097374035404729,0.0443877551020408,0
"112",NA,2020-05-21,NA,"AA-SK",711580.333333333,4329137,2242,5,2020,0.0887023249077089,1,"C3C","cattle","3","0",136,560.4,238,"cattle3",440.648010253906,"4530",0,2.18737545835015,0.368826760986785,0.158079316955465,0.199601473305711,0.11914526874235,0.0222787689506603,0.0684681303740292,0.0448521916411825,0
"113",NA,2019-05-23,NA,"YS-YY",712381.5,4329648.5,1878,5,2019,0.0773806528268847,1,"C3B","cattle","3","0",222.8,238,324.3,"cattle3",416.309020996094,"4625",0,3.07626197301266,0.235140259525408,0.204670242303734,0.246592230696319,0.104978756219482,0.0168582841419821,0.0877726483379156,0.0407124681933842,0
"114",NA,2020-05-20,NA,"DD-BS",712406.5,4330059,2241,5,2020,0.145445751296514,1,"C3A","cattle","3","0",136,560.4,238,"cattle3",425.959014892578,"4530",0,3.00201392382547,0.290957587340427,0.191416354816124,0.191338197602007,0.0986915218614585,0.0108773596315054,0.0369311741482735,0.0538617886178862,0.00152439024390244
"115",NA,2020-05-21,NA,"OK-BS",711104,4330282,2242,5,2020,0.129078524794428,1,"K1B","ungr","1","1",136,560.4,238,"ungr1",416.878021240234,"4530",0,2.45158609933768,0.490580017151964,0.162323115663012,0.34432975189656,0.0363897302392725,0.0755941591537588,0.0961187362978648,0,0
"116",NA,2021-06-04,NA,"KO-SG",712181.666666667,4330086.33333333,2621,6,2021,0.0988044305966439,1,"C3A","cattle","3","0",162.7,384.1,525.8,"cattle3",439.953033447266,"4530",0,2.73992727144822,0.315040380043268,0.256285413376697,0.0953879934634707,0.171187894312239,0.0182865816024078,0.144755285004098,0.0350788002033554,0
"117",NA,2021-06-21,NA,"KO-SG",712347,4330209,2638,6,2021,0.0606198312091913,1,"C3A","cattle","3","0",162.7,384.1,525.8,"cattle3",426.940032958984,"4783",0,3.32066238756492,0.304000726514038,0.257554464100565,0.0876789542777677,0.148347732012141,0.0113199658087183,0.0447813045606536,0.062753036437247,0.00101214574898785
"118",NA,2021-05-27,NA,"DY-SY",712296.666666667,4329241.88888889,2613,5,2021,0.105048188652831,1,"C3C","cattle","3","1",162.7,384.1,525.8,"cattle3",419.716033935547,"4530",0,1.9382617817844,0.339119404286236,0.241046992077232,0.253885374296784,0.0773203699373945,0.0180249070813514,0.0604619336248485,0.0198878123406425,0
"119",NA,2021-06-15,NA,"DY-SY",712167.583333333,4329375.77777778,2632,6,2021,0.115569910429103,1,"C3C","cattle","3","1",162.7,384.1,525.8,"cattle3",439.897033691406,"4530",0,2.28279932095999,0.355464242493586,0.28223501472018,0.201258001082068,0.0767448800197883,0.0198783910648457,0.0894474531061777,0.0142493638676845,0
"120",NA,2021-07-26,NA,"DY-SY",712177,4328846,2673,7,2021,0.145374668887798,1,"C3C","cattle","3","1",162.7,384.1,525.8,"cattle3",423.060028076172,"4530",0,2.88195203744834,0.41955211499571,0.264571290193989,0.14675249674902,0.073154139549607,0.0059136403992652,0.0653131365577787,0.125383828045036,0
"121",NA,2020-06-11,NA,"KR-SD",711757,4329412,2263,6,2020,0.0291187072806213,1,"C3B","cattle","3","1",136,560.4,238,"cattle3",441.830017089844,"4530",0,1.91491780351878,0.401477857314419,0.222271119194491,0.342727517398265,0.0480547887367299,0.0255630978031852,0.0836097444126434,0.00255885363357216,0
"122",NA,2021-05-19,NA,"BS-OW",712513,4330239,2605,5,2021,0.0650235877560762,1,"C3A","cattle","3","0",162.7,384.1,525.8,"cattle3",418.481018066406,"4625",0,2.72886711819315,0.286694092358846,0.213480950184293,0.120997902026685,0.144460733306608,0.00948188486362917,0.0273574659891185,0.150303643724696,0.00506072874493927
"123",NA,2021-06-10,NA,"BS-OW",712628.5,4330139,2627,6,2021,0.0494091926897406,1,"C3B","cattle","3","0",162.7,384.1,525.8,"cattle3",417.070007324219,"4530",0,3.66096160472626,0.306462226422039,0.23590133568452,0.0952138697946255,0.143547016903185,0.0193292880053414,0.0634113624247124,0.021849593495935,0
"124",NA,2021-05-19,NA,"SY-DY",712090,4329365,2605,5,2021,0.108715097274715,1,"C3C","cattle","3","1",162.7,384.1,525.8,"cattle3",439.295013427734,"4530",0,1.70226487988326,0.340892574974393,0.248685106801797,0.260241939084133,0.0774384543057948,0.0151844929229085,0.111627527458275,0.0317297850562948,0
"125",NA,2021-05-20,NA,"SR-YB",711805,4329958.5,2606,5,2021,0.116644831607183,1,"C3A","cattle","3","0",162.7,384.1,525.8,"cattle3",427.367034912109,"4530",0,2.12931142275015,0.28679552132647,0.203551372725633,0.152559059032981,0.183086787861644,0.0166693310322178,0.0207440339551048,0.084349593495935,0.0198170731707317
"126",NA,2021-05-22,NA,"RK-SY",711171.5,4330333.5,2608,5,2021,0.187009555222503,1,"K1B","ungr","1","1",162.7,384.1,525.8,"ungr1",419.732025146484,"4530",0,2.11864905155392,0.476516011294907,0.180195525005133,0.2483831951514,0.0584112986935918,0.0637361222489455,0.0623779113776508,0,0
"127",NA,2021-05-25,NA,"SR-YW",711772,4330020,2611,5,2021,0.159339021674014,1,"C3SB","cattle","3","0",162.7,384.1,525.8,"cattle3",428.856018066406,"4530",0,2.11445881709444,0.280262220626704,0.198020877833227,0.152992791894327,0.186695517155096,0.0146570097532053,0.0359889929379208,0.0912799592044875,0.00203977562468129
"128",NA,2021-05-26,NA,"RK-DS",711619,4329438,2612,5,2021,0.086774469265008,1,"C3B","cattle","3","0",162.7,384.1,525.8,"cattle3",439.600006103516,"4530",0,1.89831345922681,0.324705700991467,0.198191257077238,0.147870696453193,0.179132586489649,0.0290794250067512,0.0616867389156271,0.0240532241555783,0
"129",NA,2021-07-10,NA,"RK-DS",711775,4329403,2657,7,2021,0.0279490716490441,1,"C3B","cattle","3","0",162.7,384.1,525.8,"cattle3",441.921020507812,"4530",0,3.54772364575322,0.374901966581456,0.26852146260785,0.0747101377006255,0.162529337562974,0.0306991984556817,0.0830080508789885,0.00253036437246964,0
"130",NA,2021-05-27,NA,"SK-GO",712688,4330306,2613,5,2021,0.0580960848289329,1,"C3A","cattle","3","0",162.7,384.1,525.8,"cattle3",416.769012451172,"4625",0,3.05538699446366,0.280857554800466,0.206119885153461,0.120093899942659,0.133791446693889,0.0141170051452038,0.0575760335408337,0.0372259051504335,0
"131",NA,2021-05-29,NA,"DO-GS",711791.666666667,4328378.66666667,2615,5,2021,0.0430914932104109,1,"C3C","cattle","3","1",162.7,384.1,525.8,"cattle3",441.479034423828,"4530",0,1.16811737978718,0.430724317959997,0.210651414518038,0.267223006355997,0.0814944651581297,0.0533650693800576,0.133575939480832,0,0
"132",NA,2021-05-29,NA,"GO-DS",711874,4328481,2615,5,2021,0.0479676504435183,1,"C3C","cattle","3","1",162.7,384.1,525.8,"cattle3",441.290008544922,"4530",0,1.20040311004418,0.42949255873063,0.209619289019151,0.25456757177046,0.0847197510770223,0.0652956305397722,0.11356614136586,0,0
"133",NA,2019-06-03,NA,"YR-SD",712471,4330124,1889,6,2019,0.0666497643595861,1,"C3A","cattle","3","1",222.8,238,324.3,"cattle3",421.967010498047,"4783",0,2.74525887656944,0.255496684900863,0.242693924238305,0.362770899320214,0.0517653488668124,0.0181480086985985,0.0785073891097152,0.0235414534288639,0
"134",NA,2021-06-10,NA,"SD-KO",712513,4329596,2627,6,2021,0.0440638917057812,1,"C3B","cattle","3","0",162.7,384.1,525.8,"cattle3",417.963012695312,"4530",0,3.32974932109708,0.330688032921631,0.25675358630564,0.097088542195006,0.156524588344229,0.0219195456521208,0.127503249691294,0.0184237461617195,0
"135",NA,2020-07-17,NA,"SG-KK",711852,4329793,2299,7,2020,0.027841378369582,1,"C3A","cattle","3","0",136,560.4,238,"cattle3",440.390014648438,"4530",0,3.02041799203966,0.420507104792662,0.22086204266521,0.156324776097051,0.10472185743288,0.063860080671042,0.128077650494195,0,0
"136",NA,2019-06-04,NA,"SW-AG",710997,4330638,1890,6,2019,0.0572070476540878,1,"C3SB","cattle","3","1",222.8,238,324.3,"cattle3",414.703033447266,"4625",0,2.47915988478661,0.280050260077123,0.231785371368266,0.377756280127277,0.0615474928648508,0.0180069496153311,0.14855770764066,0.0363357215967247,0
"137",NA,2020-06-01,NA,"DS-KO",711630.333333333,4328469,2253,6,2020,0.0328630593083199,1,"C3C","cattle","3","0",136,560.4,238,"cattle3",443.584014892578,"4625",0,2.24575373156889,0.477338536844833,0.165352389235976,0.157796696379305,0.113353731314205,0.0688546540264978,0.135516831892468,0,0
"138",NA,2021-06-01,NA,"OO-SG",710039,4328027,2618,6,2021,0.0470665621389661,1,"N1B","bison","1","1",162.7,384.1,525.8,"bison1",435.098022460938,"4530",0,1.47362547913346,0.198764120219659,0.350650044703169,0.210452288828975,0.0871828731987956,0.0271369372309527,0.0857118132358289,0.0151821862348178,0
"139",NA,2021-06-16,NA,"OO-SG",709994.355555556,4327891.44444444,2633,6,2021,0.0950772515585163,1,"N1B","bison","1","1",162.7,384.1,525.8,"bison1",432.094024658203,"4530",0,1.43844251457078,0.183178540052227,0.353245253727357,0.215601546360547,0.0796450273995561,0.0295732884826433,0.0800352472519832,0.0106924643584521,0
"140",NA,2021-06-02,NA,"YY-SK",711817.266666667,4329800.675,2619,6,2021,0.0302500714202884,1,"C3A","cattle","3","0",162.7,384.1,525.8,"cattle3",440.318023681641,"4530",0,2.51681178513625,0.325436879186733,0.245891961655665,0.112037279791423,0.186663446155461,0.0620444099971363,0.122850255435593,0,0
"141",NA,2021-06-04,NA,"KO-SY",712740,4329420.5,2621,6,2021,0.0222622181109699,1,"C3C","cattle","3","1",162.7,384.1,525.8,"cattle3",420.1240234375,"4625",0,1.93595854551806,0.351734829807092,0.279416854620622,0.223799079550932,0.0800003434828679,0.0571582503386355,0.166565974706746,0,0
"142",NA,2021-07-02,NA,"SG-KY",711526,4329335,2649,7,2021,0.149229752950822,1,"K1B","ungr","1","1",162.7,384.1,525.8,"ungr1",439.612030029297,"4530",0,2.99652809685646,0.564754083934075,0.226110555613594,0.159335067040497,0.0536989924623438,0.0439201607059081,0.174647462213967,0.0015353121801433,0
"143",NA,2021-06-14,NA,"SR-RG",712623.5,4330489,2631,6,2021,0.0276915318203248,1,"C3A","cattle","3","0",162.7,384.1,525.8,"cattle3",422.960021972656,"4625",0,3.87057006296872,0.301724370611141,0.235950851820509,0.0820534362852964,0.137897467638753,0.041076289118614,0.0638018418245426,0.00203252032520325,0
"144",NA,2021-06-17,NA,"GK-WS",711116,4328768,2634,6,2021,0.0490114965407549,1,"2D","ungr","2","1",162.7,384.1,525.8,"ungr2",442.644012451172,"4530",0,2.03577838303864,0.448742564797576,0.187317420380138,0.183085381613807,0.0926567807901309,0.0500502130087923,0.128042146069611,0,0
"145",NA,2021-06-21,NA,"YB-RS",711635,4329940,2638,6,2021,0.0453577026676352,1,"C3A","cattle","3","0",162.7,384.1,525.8,"cattle3",439.369018554688,"4530",0,2.37594471203951,0.310437479257859,0.237908940901939,0.115293559650497,0.187429584979963,0.04588026993602,0.0638688096725129,0,0
"146",NA,2020-07-23,NA,"GY-OS",711063,4328576,2305,7,2020,0.0355154527276899,1,"1D",NA,NA,NA,NA,NA,NA,"NANA",441.641021728516,"4530",0,NA,NA,NA,NA,NA,0.0796121180766742,0.261842864448302,0,0
"147",NA,2020-07-17,NA,"SR-WO",712218,4330084.5,2299,7,2020,0.14820956765132,1,"C3A","cattle","3","0",136,560.4,238,"cattle3",436.981018066406,"4530",0,3.32976652569866,0.40359390949175,0.217019699573954,0.140588047894179,0.0966339851800566,0.0136166124168679,0.140530296635567,0.0719387755102041,0
"148",NA,2020-07-23,NA,"RS-OO",712150,4329631,2305,7,2020,0.0861222015884472,1,"C3B","cattle","3","1",136,560.4,238,"cattle3",423.838012695312,"4530",0,2.90217694584562,0.433189362020466,0.24469113230234,0.302602708793346,0.042332355705177,0.00467823198369724,0.0577657496282104,0.203172978505629,0
"149",NA,2021-07-08,NA,"GK-BS",711134.5,4328701.5,2655,7,2021,0.0948739246592401,1,"2D","ungr","2","1",162.7,384.1,525.8,"ungr2",440.546020507812,"4530",0,2.70788440035114,0.4704720381355,0.200407012977829,0.145927805443521,0.0879824894515117,0.0350792451024662,0.152165061083762,0.00254452926208651,0
"150",NA,2015-06-08,NA,NA,710736.473482064,4329300.61685559,433,6,2015,0.249030511213512,0,"K1B","ungr","1","1",196.3,281.6,462.1,"ungr1",427.297027587891,"4530",0,2.41840535176467,0.340996447198504,0.106878058360967,0.364373856757852,0.199868758124931,0.00908910569701694,0.0389587990983458,0.133842239185751,0.0101781170483461
"151",NA,2014-07-14,NA,NA,711399.678961128,4329735.64641856,104,7,2014,0.257636655113509,0,"K1B","ungr","1","1",150.9,462.1,195.8,"ungr1",424.545013427734,"4530",0,2.56498604726995,0.277197966693921,0.0873025779113629,0.284231723820192,0.413960748721835,0.0426430028301614,0.197348930445943,0,0
"152",NA,2018-06-30,NA,NA,712372.516897723,4332320.77889794,1551,6,2018,0.235729181804428,0,"C3SC","cattle","3","1",98.6,324.3,397.4,"cattle3",408.509033203125,"4530",0,1.73715855158728,0.214746491163196,0.201023708246488,0.496108237929613,0.121282031275429,0.0187906181419356,0.0633394890078175,0.0122261844116149,0
"153",NA,2016-05-30,NA,NA,712216.765143972,4329083.19455077,790,5,2016,0.10767932576869,0,"C3C","cattle","3","0",223,541.7,281.6,"cattle3",414.642028808594,"4530",0,2.51837054838546,0.248032650153878,0.118660568962795,0.216515999163272,0.422745584313049,0.00936138829989231,0.0180189363560755,0.152869476891823,0.08532249873032
"154",NA,2019-07-21,NA,NA,707947.419882491,4328319.47171462,1937,7,2019,0.0911480050225088,0,"N2B","bison","2","1",222.8,238,324.3,"bison2",433.818023681641,"4530",0,2.31026180177465,0.232992218857654,0.281963303302638,0.275061722354302,0.0507001426918922,0.0234726675569827,0.0454495217003798,0.0773143438453713,0.00305188199389624
"155",NA,2018-05-24,NA,NA,711596.002509557,4331137.470694,1514,5,2018,0.231030781244366,0,"C3SB","cattle","3","0",98.6,324.3,397.4,"cattle3",405.276031494141,"4530",0,3.81494079186531,0.178842303309075,0.147123448444605,0.263958644171974,0.244192363406228,0.035347158479509,0.0610956175091239,0.00459183673469388,0
"156",NA,2015-06-18,NA,NA,708041.027405994,4330259.70049094,443,6,2015,0.0853534316797495,0,"N1A","bison","1","1",196.3,281.6,462.1,"bison1",369.381011962891,"4590",0,3.90818073314538,0.118730572213695,0.191298469238551,0.472087405628624,0.218586075037652,0.0113344040862047,0.025469650976759,0.195408163265306,0.00612244897959184
"157",NA,2016-06-26,NA,NA,707030.027184713,4329556.97057517,817,6,2016,0.138710211090827,0,"N2A","bison","2","1",223,541.7,281.6,"bison2",362.933013916016,"4590",0,1.13912718099551,0.199816803149213,0.189753946442708,0.603055615867722,0.150291448587465,0.00910817805653394,0.017450895704818,0.125127681307457,0.191011235955056
"158",NA,2019-07-08,NA,NA,708434.548979281,4329078.44286819,1924,7,2019,0.201763139601551,0,"N2B","bison","2","1",222.8,238,324.3,"bison2",381.796020507812,"4590",0,3.83006886704901,0.242301318512651,0.266302569883979,0.32781190177692,0.0492156031537522,0.00654218477067062,0.0324150819650068,0.167006109979633,0.00152749490835031
"159",NA,2020-06-06,NA,NA,710635.354250788,4331608.58619351,2258,6,2020,0.176709498955835,0,"C3SA","cattle","3","1",136,560.4,238,"cattle3",403.547027587891,"4530",0,1.51700826220012,0.378957305906635,0.236975449360444,0.39502993113866,0.050489170119023,0.0140877899210237,0.0355634250320286,0.194910941475827,0.0249363867684478
"160",NA,2014-06-08,NA,NA,708815.06444416,4329521.83149368,68,6,2014,0.0774823430293943,0,"N2B","bison","2","0",150.9,462.1,195.8,"bison2",358.974029541016,"4051",0,2.32914785718162,0.137433479557477,0.127944728524832,0.175065693851141,0.50422376167933,0.00586737033132808,0.00147674613736376,0.119448698315467,0.636549259826442
"161",NA,2017-06-02,NA,NA,709939.005058906,4328329.46711244,1158,6,2017,0.104136560283812,0,"N1B","bison","1","1",214.5,397.4,541.7,"bison1",411.114013671875,"4530",0,2.81720690405778,0.0976866442989657,0.188850471211607,0.510750849320142,0.192579198859783,0.0115481746748347,0.0324283493441393,0.0513211382113821,0.000508130081300813
"162",NA,2015-06-29,NA,NA,712353.799451473,4330794.99797249,454,6,2015,0.0684184042209799,0,"C3SB","cattle","3","0",196.3,281.6,462.1,"cattle3",419.036010742188,"4530",0,3.6250013965993,0.163301448274416,0.140991791839187,0.134808477106099,0.44962429987561,0.0136757047532509,0.0608555391084582,0.105209397344229,0
"163",NA,2014-05-24,NA,NA,710718.842701364,4330516.35940094,53,5,2014,0.176158263715385,0,"K2A","ungr","2","1",150.9,462.1,195.8,"ungr2",407.125030517578,"4530",0,1.43854625152544,0.196487948821243,0.0855295074390127,0.258352964096595,0.377179821300934,0.0129623029150342,0.0578244657964881,0.0581039755351682,0
"164",NA,2014-07-01,NA,NA,710835.733797365,4329151.98728824,91,7,2014,0.24292867426363,0,"K1B","ungr","1","1",150.9,462.1,195.8,"ungr1",425.68701171875,"4530",0,2.93685395086351,0.339553461610285,0.0852073602052379,0.237021967197939,0.355829858437665,0.00608629111131672,0.0325926223032091,0.126020408163265,0.00153061224489796
"165",NA,2017-06-09,NA,NA,711753.327813687,4329772.1259933,1165,6,2017,0.0278244646860939,0,"C3A","cattle","3","0",214.5,397.4,541.7,"cattle3",440.463012695312,"4530",0,3.02725242566546,0.163392679455439,0.135795282065878,0.3430036806353,0.38702414692808,0.040749604574519,0.100901902651854,0.00407539480387163,0
"166",NA,2018-06-21,NA,NA,710342.635921599,4330011.51000388,1542,6,2018,0.133515564003049,0,"K1B","ungr","1","1",98.6,324.3,397.4,"ungr1",382.425018310547,"4051",0,3.2541004544117,0.412806515077073,0.152271869766841,0.413446636510569,0.078474744665166,0.00807272322812419,0.00824334365718598,0.0539440203562341,0.253944020356234
"167",NA,2019-06-26,NA,NA,711600.810388339,4329034.22589895,1912,6,2019,0.0726021846687999,0,"C3C","cattle","3","0",222.8,238,324.3,"cattle3",440.018035888672,"4530",0,3.08775196354971,0.353513937511233,0.1825422533648,0.170997777186718,0.141087202777161,0.0344871250871704,0.0740313469529653,0.0137684854665987,0
"168",NA,2018-05-21,NA,NA,712810.913624978,4330479.5008089,1511,5,2018,0.0593184256302618,0,"C3SB","cattle","3","0",98.6,324.3,397.4,"cattle3",420.829010009766,"4625",0,4.36091898560093,0.198559673754986,0.160587863506616,0.249337692449903,0.186885738935356,0.0262583965870613,0.0413301160136617,0.0179640718562874,0.00479041916167665
"169",NA,2020-07-26,NA,NA,711019.460253907,4329148.51282636,2308,7,2020,0.160678611691863,0,"K1B","ungr","1","1",136,560.4,238,"ungr1",439.839019775391,"4530",0,2.51833614270465,0.66373667885274,0.16475824641811,0.292976572567192,0.0308670253623941,0.0288789134837554,0.0460423215220116,0.00458015267175573,0
"170",NA,2020-05-02,NA,NA,711563.35589687,4329247.87150139,2223,5,2020,0.0399741095955093,0,"K1B","ungr","1","1",136,560.4,238,"ungr1",441.318023681641,"4530",0,2.35056985048878,0.517379952929548,0.173371234772405,0.314710714820989,0.0413279644642875,0.0566274018389254,0.113529553223726,0,0
"171",NA,2016-06-19,NA,NA,706677.322968662,4330159.61908991,810,6,2016,0.106616044617125,0,"N2A","bison","2","1",223,541.7,281.6,"bison2",360.910003662109,"4590",0,1.07947185381443,0.229689968790247,0.215600941507133,0.573282975755818,0.151480138739375,0.0118717786257356,0.0423979887289785,0.0407955124936257,0.0295767465578786
"172",NA,2014-05-10,NA,NA,711072.773749567,4331803.12628621,39,5,2014,0.246077235631726,0,"C3SA","cattle","3","1",150.9,462.1,195.8,"cattle3",350.734008789062,"7690",0,1.41209663168028,0.147001420254398,0.0876019777519615,0.367617626751626,0.310685530220239,0.00523282101962343,0.00289399549341418,0.182648401826484,0.528158295281583
"173",NA,2020-07-16,NA,NA,712458.31057676,4331886.25894193,2298,7,2020,0.132250256674674,0,"C3SC","cattle","3","0",136,560.4,238,"cattle3",412.569030761719,"4530",0,3.19727145630957,0.405266163341212,0.206953978698953,0.152177521542421,0.089086574708801,0.00976165187743436,0.0496516955899709,0.147733061640346,0.0086602139582272
"174",NA,2020-06-18,NA,NA,711971.340178247,4331953.66353752,2270,6,2020,0.219556798664462,0,"C3SC","cattle","3","0",136,560.4,238,"cattle3",360.401031494141,"4550",0,3.19944151268419,0.30205112817752,0.143237545315481,0.264965181880449,0.104864144608686,0.00768794813342829,0.00871907244187363,0.119205298013245,0.261844116148752
"175",NA,2017-05-15,NA,NA,710211.092343062,4330701.8009031,1140,5,2017,0.0956553077681131,0,"K2A","ungr","2","0",214.5,397.4,541.7,"ungr2",407.047027587891,"4530",0,2.39839925909449,0.209625555883427,0.110488617091696,0.347500329377411,0.316417766738222,0.0239611646763537,0.109491981440445,0.00867789688616641,0
"176",NA,2016-06-02,NA,NA,710765.833309347,4329288.42865422,793,6,2016,0.251703509177903,0,"K1B","ungr","1","1",223,541.7,281.6,"ungr1",422.581024169922,"4530",0,2.47105724948446,0.430278394249063,0.106283405921059,0.379446483646245,0.172537028636534,0.00624952361209587,0.0260554288876482,0.155804480651731,0.0392057026476578
"177",NA,2019-05-17,NA,NA,711906.451712384,4329491.99660776,1872,5,2019,0.120746813073765,0,"C3B","cattle","3","0",222.8,238,324.3,"cattle3",438.732025146484,"4530",0,2.4529677702542,0.243936082227906,0.187272854262549,0.265541173853923,0.115247112485156,0.0198724321460933,0.0444714846839095,0.0239429444727458,0
"178",NA,2014-07-17,NA,NA,708264.404572614,4329486.10956277,107,7,2014,0.220246045509216,0,"N1A","bison","1","1",150.9,462.1,195.8,"bison1",374.245025634766,"4590",0,1.83919263778952,0.10009960769813,0.121590817435198,0.407616925912696,0.451568678117128,0.0100974452924277,0.00846573349488856,0.0641874681609781,0.321446765155374
"179",NA,2020-06-30,NA,NA,712151.236037697,4330467.1241048,2282,6,2020,0.207865163846769,0,"C3SB","cattle","3","0",136,560.4,238,"cattle3",426.906005859375,"4530",0,3.10222785282361,0.344928234794023,0.183766478301956,0.152434033026874,0.0952355675472411,0.00875480857696668,0.0708183060102354,0.0807106598984772,0
"180",NA,2020-05-07,NA,NA,712672.22945108,4328960.29299727,2228,5,2020,0.159239326541717,0,"C3C","cattle","3","0",136,560.4,238,"cattle3",412.144012451172,"4530",0,2.67163525988994,0.332797033186857,0.169285111826234,0.186870749496343,0.14017222125987,0.0103115037794572,0.0284745682660022,0.230769230769231,0.104941416199694
"181",NA,2020-05-27,NA,NA,712669.974239441,4332053.50412457,2248,5,2020,0.289775807918162,0,"C3SC","cattle","3","0",136,560.4,238,"cattle3",407.859008789062,"4530",0,2.96273063762774,0.316856253870805,0.181445769810944,0.193243813309572,0.087869727412839,0.00794715289609109,0.0101301121987807,0.0524707080998472,0.163525216505349
"182",NA,2017-07-08,NA,NA,710388.531471642,4330321.95006604,1194,7,2017,0.142032792833244,0,"K2A","ungr","2","0",214.5,397.4,541.7,"ungr2",405.010009765625,"4530",0,3.78144923342707,0.217002628019073,0.094687531512576,0.237262025031044,0.549181017950814,0.0103950921759849,0.0581320140607632,0.054026503567788,0
"183",NA,2019-07-13,NA,NA,708136.945657102,4330218.02710843,1929,7,2019,0.103196212800101,0,"N1A","bison","1","1",222.8,238,324.3,"bison1",361.916015625,"4590",0,7.03731318877576,0.231332485181665,0.298655886312532,0.388579887540221,0.0456706084936123,0.0117954419791676,0.0138979883650717,0.0408580183861083,0.203779366700715
"184",NA,2016-05-16,NA,NA,712668.933432527,4331383.2712372,776,5,2016,0.248352036383084,0,"C3SB","cattle","3","1",223,541.7,281.6,"cattle3",403.056030273438,"4550",0,2.28492318310388,0.182673967542427,0.122783755712789,0.408320400219465,0.213861159576477,0.00738241801270033,0.0219437268152502,0.111675126903553,0.0649746192893401
"185",NA,2016-07-24,NA,NA,712497.635742671,4329287.54338109,845,7,2016,0.090847053592869,0,"C3C","cattle","3","0",223,541.7,281.6,"cattle3",422.191009521484,"4530",0,3.61183629260913,0.307680603586729,0.166847183783892,0.168843478740625,0.312789595881679,0.0716210448370332,0.123563044626294,0,0
"186",NA,2018-07-08,NA,NA,708202.883822468,4330151.13968825,1559,7,2018,0.12969503268082,0,"N1A","bison","1","1",98.6,324.3,397.4,"bison1",362.331024169922,"4590",0,4.69075989624991,0.153463478738665,0.2358302978598,0.50581187930557,0.0938024101293192,0.0100738199323535,0.0220740604480631,0.0806697108066971,0.167427701674277
"187",NA,2015-06-29,NA,NA,710833.109354,4330036.20444498,454,6,2015,0.159278623092458,0,"K1B","ungr","1","1",196.3,281.6,462.1,"ungr1",392.829010009766,"4051",0,2.781421971601,0.329151444108009,0.112119881127868,0.338555940189917,0.220301522043984,0.0101178813436425,0.0146403452505098,0.110770801429301,0.210821847881572
"188",NA,2017-06-15,NA,NA,711542.643626574,4330722.2540942,1171,6,2017,0.17286388509239,0,"C3SB","cattle","3","0",214.5,397.4,541.7,"cattle3",408.569030761719,"4530",0,4.61917384843497,0.142298530810335,0.108932148795449,0.279098170105573,0.414444795266369,0.0263815466913838,0.0470122815291117,0.0163098878695209,0
"189",NA,2016-06-28,NA,NA,708369.880822786,4329029.74916316,819,6,2016,0.174075920266292,0,"N2B","bison","2","0",223,541.7,281.6,"bison2",387.777008056641,"4590",0,2.86622042143347,0.177555166050186,0.150128407823025,0.238244655556836,0.292191571311488,0.0127805241076888,0.047066659703604,0.0631686194600102,0
"190",NA,2015-05-28,NA,NA,707967.152534304,4328541.99006471,422,5,2015,0.187484272030562,0,"N2B","bison","2","1",196.3,281.6,462.1,"bison2",412.985015869141,"4530",0,1.18106825852597,0.0950364650820672,0.133789708629763,0.48802848327232,0.220592126143241,0.00342911647289599,0.0164973331786888,0.508431272355646,0.0812468063362289
"191",NA,2014-05-21,NA,NA,711934.335249795,4329257.18623857,50,5,2014,0.211239405010481,0,"C3C","cattle","3","0",150.9,462.1,195.8,"cattle3",428.714019775391,"4530",0,2.04207821203154,0.178251473768674,0.084430353402966,0.138406608336841,0.530593064259641,0.0103654469626261,0.0380196138491692,0.0815910249872514,0.0209077001529832
"192",NA,2015-05-25,NA,NA,706545.377846176,4329836.98284745,419,5,2015,0.185760941200472,0,"N2A","bison","2","0",196.3,281.6,462.1,"bison2",356.730010986328,"4590",0,1.2212867034168,0.112493395625597,0.139722473754062,0.457683504987079,0.34665329941914,0.00876438142497536,0.00815635808739751,0.0609756097560976,0.501524390243902
"193",NA,2015-07-02,NA,NA,711559.608632261,4331139.39150998,457,7,2015,0.262306620306321,0,"C3SB","cattle","3","0",196.3,281.6,462.1,"cattle3",395.887023925781,"4590",0,4.83477053040709,0.166740327700966,0.122229767803873,0.136970169919639,0.517659310586849,0.041539358265956,0.0598771294092136,0,0
"194",NA,2015-07-26,NA,NA,711630.224646051,4328917.45163044,481,7,2015,0.22520876379844,0,"C3C","cattle","3","1",196.3,281.6,462.1,"cattle3",436.540008544922,"4530",0,2.362111918275,0.286793484848762,0.130143523217883,0.281272791980604,0.325611171247612,0.01229655977266,0.0208354176973114,0.156313645621181,0.0437881873727088
"195",NA,2016-06-13,NA,NA,712031.336286493,4329274.11053339,804,6,2016,0.15333204893637,0,"C3C","cattle","3","0",223,541.7,281.6,"cattle3",439.426025390625,"4530",0,2.76207645578064,0.271638513701461,0.137955684559635,0.187110221140806,0.396695334571993,0.015705655266121,0.0787609634547666,0.0821009688934217,0
"196",NA,2018-06-07,NA,NA,710061.2691137,4328710.11507287,1528,6,2018,0.0520527815312372,0,"N1B","bison","1","1",98.6,324.3,397.4,"bison1",411.633026123047,"4530",0,2.90914794804382,0.158121621715037,0.255484659170629,0.411106275892937,0.130707414683789,0.00658236313698995,0.043571095893021,0.0936863543788187,0.0010183299389002
"197",NA,2017-05-19,NA,NA,707914.771788973,4328834.49949852,1144,5,2017,0.18930503687124,0,"N2B","bison","2","1",214.5,397.4,541.7,"bison2",404.210021972656,"4530",0,1.88766802267264,0.108791506995472,0.143387516796342,0.620342123936977,0.122440255430275,0.00400889233256189,0.0275715352249556,0.3428425878757,0.021395822720326
"198",NA,2014-05-19,NA,NA,710040.782765943,4328989.27535371,48,5,2014,0.0445550648923069,0,"N1B","bison","1","1",150.9,462.1,195.8,"bison1",412.77001953125,"4530",0,1.42186305412803,0.118607023832931,0.148958896781642,0.285087416859166,0.331064147729439,0.014693494522665,0.0834087688265839,0.0208227526663281,0
"199",NA,2015-06-17,NA,NA,711401.510378341,4329315.03911768,442,6,2015,0.249662216885823,0,"K1B","ungr","1","1",196.3,281.6,462.1,"ungr1",435.127014160156,"4530",0,2.07532050472388,0.338265125617476,0.104111561025809,0.369308529373032,0.212427275691749,0.0182598310902654,0.146645831378103,0.0142421159715158,0
"200",NA,2018-05-26,NA,NA,711928.180579373,4331499.82048612,1516,5,2018,0.193969087665518,0,"C3SB","cattle","3","0",98.6,324.3,397.4,"cattle3",402.882019042969,"4530",0,3.13321864408352,0.173683934771422,0.148380575609512,0.301786899148184,0.236520194999141,0.0270360555310966,0.0573562403132174,0.00152827305145186,0
"201",NA,2018-05-05,NA,NA,708571.881595208,4330285.86788531,1495,5,2018,0.109199526918708,0,"N1A","bison","1","1",98.6,324.3,397.4,"bison1",347.355010986328,"4784",0,3.87936439373663,0.14696370292466,0.207048971574091,0.681971702663871,0.0965520482296831,0.00933476747524691,0.00935779302167046,0.0643185298621746,0.359367023991833
"202",NA,2016-07-03,NA,NA,712470.639882979,4331886.26085752,824,7,2016,0.142286712902162,0,"C3SC","cattle","3","0",223,541.7,281.6,"cattle3",412.754028320312,"4530",0,3.15643096448284,0.26305836330706,0.157779504345269,0.177458062112704,0.330624243912928,0.0085353898209644,0.0464407486072575,0.148827726809378,0.0203873598369011
"203",NA,2018-07-07,NA,NA,711597.776046644,4329267.92501182,1558,7,2018,0.0756409364413365,0,"K1B","ungr","1","1",98.6,324.3,397.4,"ungr1",439.266021728516,"4530",0,2.98992196935438,0.442103206496588,0.173020803274379,0.316510811956037,0.0859119708208355,0.0484954544709033,0.112144131969117,0,0
"204",NA,2015-06-19,NA,NA,710553.230535148,4328428.79080006,444,6,2015,0.229234258144795,0,"N1B","bison","1","1",196.3,281.6,462.1,"bison1",426.689025878906,"4530",0,1.55913137857431,0.106784997285634,0.163317795588197,0.420681110985971,0.317631261570871,0.00918309837357421,0.0530116139327442,0.0416455053326562,0
"205",NA,2018-07-15,NA,NA,706562.30792766,4329427.14416921,1566,7,2018,0.0838259764936907,0,"N2A","bison","2","1",98.6,324.3,397.4,"bison2",398.731018066406,"4530",0,1.99255734510938,0.155375623056603,0.257017422498789,0.535715020458208,0.0838635810803186,0.0144878532617698,0.103775643218371,0.0137544574630667,0
"206",NA,2020-06-27,NA,NA,710509.888681532,4328294.67539805,2279,6,2020,0.0472175493120715,0,"N1B","bison","1","1",136,560.4,238,"bison1",438.601013183594,"4530",0,1.41566865761134,0.26010177506834,0.273806264216915,0.370702849403652,0.0474930173941491,0.0209458050725397,0.0630347220091502,0.0453156822810591,0
"207",NA,2019-06-01,NA,NA,710910.902214628,4330487.91605559,1887,6,2019,0.134872693672437,0,"K2A","ungr","2","0",222.8,238,324.3,"ungr2",407.08203125,"4530",0,4.1009916370534,0.304744676295896,0.155927799232745,0.15602279481591,0.160402069844906,0.0056301112750743,0.0307383335052073,0.217568947906027,0.00102145045965271
"208",NA,2014-05-25,NA,NA,708023.789028836,4328562.93021192,54,5,2014,0.0991222174564058,0,"N2B","bison","2","0",150.9,462.1,195.8,"bison2",409.211029052734,"4530",0,1.55052740768718,0.100586278690122,0.0994930632383731,0.153658704850643,0.486105827548932,0.00203752123884811,0.033677620197836,0.512506380806534,0.000510464522715671
"209",NA,2020-07-31,NA,NA,710171.075311229,4330562.27618328,2313,7,2020,0.170501393566143,0,"K2A","ungr","2","1",136,560.4,238,"ungr2",401.299011230469,"4530",0,2.05220697963282,0.510572606938904,0.176119126624656,0.306802653632147,0.0580865787575816,0.0240294054072179,0.063057048265271,0.00102040816326531,0
"210",NA,2015-07-17,NA,NA,708246.37070936,4328371.10887142,472,7,2015,0.290490785984119,0,"N2B","bison","2","1",196.3,281.6,462.1,"bison2",429.733032226562,"4530",0,2.01401377554141,0.132159513798089,0.169739672270689,0.308892647558938,0.270175770097351,0.0118130568201795,0.0785513518142697,0.104994903160041,0
"211",NA,2014-06-29,NA,NA,711592.700333544,4330942.90612183,89,6,2014,0.0896726910210606,0,"C3SB","cattle","3","0",150.9,462.1,195.8,"cattle3",408.569030761719,"4530",0,3.20401411547801,0.135945918234177,0.102222114635485,0.11152732317646,0.654757722900762,0.0259105049685998,0.0679851084395971,0.00152129817444219,0
"212",NA,2019-05-02,NA,NA,706708.461383669,4329191.09955263,1857,5,2019,0.199568168640845,0,"N2A","bison","2","0",222.8,238,324.3,"bison2",380.596008300781,"4590",0,2.86419543665245,0.129697690782402,0.174016426395116,0.429108724494852,0.0733869324986432,0.00547467295230422,0.0123128676052451,0.168705402650357,0.160550458715596
"213",NA,2014-06-02,NA,NA,708288.469841536,4328156.16811686,62,6,2014,0.209709019692767,0,"N2B","bison","2","0",150.9,462.1,195.8,"bison2",425.504028320312,"4530",0,1.60908169098764,0.0967711517031478,0.106995182879583,0.123012780002381,0.541530903867721,0.0121477196405407,0.0764456168253155,0.159287531806616,0
"214",NA,2017-06-15,NA,NA,712642.5696673,4331783.38046042,1171,6,2017,0.269223675322364,0,"C3SC","cattle","3","0",214.5,397.4,541.7,"cattle3",407.967010498047,"4550",0,4.33301575509877,0.150620134564992,0.116658645691651,0.30598084595828,0.332428626741203,0.00717070778405023,0.00629033693380082,0.0879959308240081,0.534079348931841
"215",NA,2014-05-10,NA,NA,712002.660616902,4329405.67988112,39,5,2014,0.0652798905063909,0,"C3B","cattle","3","1",150.9,462.1,195.8,"cattle3",440.720031738281,"4530",0,1.29147515881684,0.19011262212499,0.121432805290075,0.260873103616255,0.282297399635477,0.0251850345305068,0.0547781872856742,0.0157921548650025,0.00101884870096791
"216",NA,2015-07-18,NA,NA,708502.739160487,4330065.33719057,473,7,2015,0.0880761626938565,0,"N1A","bison","1","1",196.3,281.6,462.1,"bison1",347.173004150391,"4051",0,3.574944657878,0.142247634818769,0.184038595551433,0.46866363505624,0.240577062514157,0.00480141763521845,0.000517405135630955,0.114445574771109,0.801119023397762
"217",NA,2018-05-15,NA,NA,710188.288974927,4330608.30491767,1505,5,2018,0.125339618244165,0,"K2A","ungr","2","1",98.6,324.3,397.4,"ungr2",402.912017822266,"4530",0,1.92621015863421,0.283879735814632,0.158242319529818,0.486581506130614,0.146442892232595,0.0199931819400865,0.0636041391545065,0.00662251655629139,0
"218",NA,2015-07-12,NA,NA,710894.399546027,4329679.1615537,467,7,2015,0.125131280431109,0,"K1B","ungr","1","1",196.3,281.6,462.1,"ungr1",417.822021484375,"4530",0,2.8744487830374,0.385011512165393,0.131966025154604,0.269035872317926,0.240531173030533,0.0331652616906991,0.142479976237367,0.00356960734319225,0
"219",NA,2020-06-10,NA,NA,712016.384720147,4328533.23985242,2262,6,2020,0.0452682953647219,0,"C3C","cattle","3","0",136,560.4,238,"cattle3",439.765014648438,"4530",0,2.22945004176983,0.486788782241662,0.172563702303863,0.143698669361143,0.114996243818058,0.0592190664668113,0.0899576722135628,0,0
"220",NA,2018-06-26,NA,NA,711248.907265472,4331386.37484625,1547,6,2018,0.120920146972186,0,"C3SA","cattle","3","0",98.6,324.3,397.4,"cattle3",404.882019042969,"4590",0,2.94520420089799,0.19435111828149,0.17493649164293,0.257221802924964,0.23759530222663,0.0096344628407374,0.0385656707788885,0.198267074413863,0.0035677879714577
"221",NA,2016-07-08,NA,NA,708518.062085544,4329425.3453494,829,7,2016,0.0827603237780623,0,"N2B","bison","2","0",223,541.7,281.6,"bison2",361.977020263672,"4051",0,3.36215266942397,0.226720736366661,0.178856656525164,0.221881700173311,0.26908696053591,0.00582149394567709,0.0138106160858619,0.163015792154865,0.0305654610290372
"222",NA,2020-05-30,NA,NA,708293.926208831,4328627.58087889,2251,5,2020,0.190004062618978,0,"N2B","bison","2","0",136,560.4,238,"bison2",412.777008056641,"4530",0,2.39463114766228,0.21786091965689,0.186547903766955,0.220171430900289,0.0839270194695397,0.00793757683018037,0.0550552974677931,0.122199592668024,0
"223",NA,2019-05-03,NA,NA,708374.256102734,4328784.06512677,1858,5,2019,0.119103663488954,0,"N2B","bison","2","1",222.8,238,324.3,"bison2",407.028015136719,"4530",0,1.53112595203582,0.159003996806156,0.219955621594304,0.516447422610996,0.0400013524771515,0.00336001616780719,0.0738767698953726,0.291390728476821,0
"224",NA,2019-07-15,NA,NA,711899.075386638,4330310.79616215,1931,7,2019,0.272294503450768,0,"C3SB","cattle","3","1",222.8,238,324.3,"cattle3",427.149017333984,"4530",0,3.59225296704185,0.302002016331042,0.237259002147069,0.275699117152394,0.0714109930744393,0.00499674424750436,0.025680432851493,0.350431691213814,0.00355510411376333
"225",NA,2016-06-27,NA,NA,708073.401354177,4330194.98037791,818,6,2016,0.100899628865839,0,"N1A","bison","1","1",223,541.7,281.6,"bison1",368.256011962891,"4590",0,3.66098737619155,0.169841261787658,0.193616772065354,0.519658751164638,0.14308378340379,0.0145860986849677,0.0290744153829599,0.0122013218098627,0.0025419420437214
"226",NA,2020-05-31,NA,NA,709702.372412819,4329079.91957149,2252,5,2020,0.127529667143466,0,"N1B","bison","1","1",136,560.4,238,"bison1",382.149017333984,"4051",0,2.3741395907629,0.243680583055388,0.237587977169303,0.441307790075557,0.0445277993521398,0.00776625272595986,0.0157146284409112,0.0982688391038697,0.137474541751527
"227",NA,2020-07-27,NA,NA,711294.261985253,4329387.37415942,2309,7,2020,0.218731788715986,0,"K1B","ungr","1","1",136,560.4,238,"ungr1",424.731018066406,"4530",0,2.66137427470777,0.631119613318413,0.153674477219363,0.317622547745975,0.0327710959469533,0.0162017205555724,0.190967497287268,0.0163015792154865,0
"228",NA,2016-06-15,NA,NA,712199.775610308,4329268.88479017,806,6,2016,0.155232698205325,0,"C3C","cattle","3","0",223,541.7,281.6,"cattle3",426.403015136719,"4530",0,3.07535752306311,0.267123076974137,0.138433953735024,0.18680744648712,0.386340987864617,0.0197171177513015,0.053460788884309,0.0193976518631955,0
"229",NA,2015-07-02,NA,NA,712762.058901387,4330384.10646237,457,7,2015,0.032526289584793,0,"C3A","cattle","3","0",196.3,281.6,462.1,"cattle3",419.834014892578,"4625",0,4.78789961252355,0.189066271560918,0.145719201757512,0.124293365993187,0.436886434606952,0.0383298587266371,0.0737051023122738,0.000511247443762781,0
"230",NA,2014-07-25,NA,NA,711989.75669649,4329168.23235217,115,7,2014,0.172826051552331,0,"C3C","cattle","3","0",150.9,462.1,195.8,"cattle3",422.449005126953,"4530",0,4.03519796574285,0.180414555874814,0.0992465519127172,0.118402795900403,0.71263257254382,0.00593548586289553,0.0167238972374665,0.247322794492606,0.0438551759306476
"231",NA,2020-06-11,NA,NA,706767.695695491,4329558.06123771,2263,6,2020,0.163235111314121,0,"N2A","bison","2","1",136,560.4,238,"bison2",371.859008789062,"4590",0,1.27639239352424,0.286094381614614,0.247248147521217,0.561803054463283,0.0329359580107763,0.00757023189605892,0.0506740460467396,0.06571574121243,0
"232",NA,2018-06-18,NA,NA,708295.104144667,4330185.63839803,1539,6,2018,0.101432951446988,0,"N1A","bison","1","1",98.6,324.3,397.4,"bison1",365.815002441406,"4590",0,3.7572396583587,0.149058749706588,0.229391278152947,0.584866914153732,0.0877348917705588,0.0126706326397461,0.0305904484046367,0.0545361875637105,0.0137614678899083
"233",NA,2015-05-29,NA,NA,712209.166169023,4332351.07552417,423,5,2015,0.230664048744061,0,"C3SC","cattle","3","1",196.3,281.6,462.1,"cattle3",382.195007324219,"4550",0,1.26923406110838,0.139527213481114,0.123487349244253,0.570002051982508,0.278102958924143,0.0132127413936847,0.0186674879722012,0.0658895083628991,0.149011657374557
"234",NA,2020-06-14,NA,NA,710869.641068705,4329665.0704701,2266,6,2020,0.128466250351377,0,"K1B","ungr","1","1",136,560.4,238,"ungr1",416.31201171875,"4530",0,2.36867740149579,0.576186059949049,0.166582123804696,0.322812942648555,0.0329039622434716,0.0385948220202115,0.12546382967168,0.00407955124936257,0
"235",NA,2014-05-25,NA,NA,708294.994449132,4330158.31855047,54,5,2014,0.0926298025142799,0,"N1A","bison","1","1",150.9,462.1,195.8,"bison1",366.107025146484,"4590",0,2.06542271020857,0.103466556579372,0.130507433779862,0.442293362864218,0.259533781746278,0.0121600173752438,0.0286150672164471,0.063710499490316,0.027013251783894
"236",NA,2019-05-12,NA,NA,706903.604733967,4329021.28743319,1867,5,2019,0.12993381112355,0,"N2A","bison","2","0",222.8,238,324.3,"bison2",406.0830078125,"4530",0,2.69654930154569,0.137863350927284,0.195564888422216,0.360186964515661,0.0799593284955843,0.0091174507795365,0.04027471144396,0.116207951070336,0
"237",NA,2019-07-20,NA,NA,712845.781904069,4329578.73800939,1936,7,2019,0.182603512245588,0,"C3B","cattle","3","0",222.8,238,324.3,"cattle3",411.601013183594,"4530",0,5.24047261222334,0.3329605288759,0.222635176997314,0.144421607259157,0.122313426530642,0.0146917642741755,0.03981660747354,0.03515625,0.0263671875
"238",NA,2019-05-13,NA,NA,711667.462217035,4331950.26141131,1868,5,2019,0.238788133686548,0,"C3SB","cattle","3","1",222.8,238,324.3,"cattle3",359.346008300781,"4550",0,1.73433040923513,0.18461931017815,0.152474831368131,0.621272408772506,0.0598206719156345,0.0098725730193354,0.00933481708629903,0.0320773930753564,0.224541751527495
"239",NA,2014-05-26,NA,NA,712346.048814477,4330510.70798784,55,5,2014,0.18467932188216,0,"C3SB","cattle","3","0",150.9,462.1,195.8,"cattle3",441.109008789062,"4530",0,1.87471743144441,0.141736790000127,0.099103043540361,0.119165606398391,0.52022458552745,0.0135029880683964,0.071620866663906,0.0326530612244898,0
"240",NA,2018-05-18,NA,NA,709990.774651218,4328742.20089805,1508,5,2018,0.0844631555877719,0,"N1B","bison","1","1",98.6,324.3,397.4,"bison1",409.668029785156,"4530",0,2.79554929624836,0.15041498789548,0.242074680840825,0.480532330938162,0.125701093141726,0.00578303767737785,0.0601613629477453,0.202241467142129,0
"241",NA,2014-05-02,NA,NA,712763.167452528,4331808.51439567,31,5,2014,0.246044003715873,0,"C3SC","cattle","3","0",150.9,462.1,195.8,"cattle3",412.119018554688,"4530",0,2.20029759611657,0.171046629167388,0.0963426508342981,0.107922628078992,0.385239591275406,0.00533894869388463,0.00926854805030828,0.0993589743589744,0.325854700854701
"242",NA,2016-05-15,NA,NA,708684.849254819,4328899.76502108,775,5,2016,0.223539384804939,0,"N2B","bison","2","0",223,541.7,281.6,"bison2",386.47802734375,"4590",0,2.64457977549698,0.134531181665535,0.130801667031923,0.282232718794445,0.395200266439032,0.00442597815044574,0.0337311764862027,0.261601223865375,0.0147883732789393
"243",NA,2019-05-17,NA,NA,711197.295413609,4329401.38973014,1872,5,2019,0.251269508732106,0,"K1B","ungr","1","1",222.8,238,324.3,"ungr1",429.14501953125,"4530",0,1.79292871854812,0.410553757489144,0.140206019622099,0.486879956120674,0.0380605092140849,0.0312672704056559,0.108033065575604,0.011704834605598,0
"244",NA,2017-07-09,NA,NA,709583.008570469,4328369.16238046,1195,7,2017,0.216968434402255,0,"N1B","bison","1","1",214.5,397.4,541.7,"bison1",414.431030273438,"4530",0,2.98409848145812,0.0955687203028874,0.167231093300616,0.484191600728067,0.293837779016017,0.00804920718945189,0.0463326601100222,0.110040567951318,0.00253549695740365
"245",NA,2015-05-04,NA,NA,710654.8757306,4329347.96466963,398,5,2015,0.24244670347191,0,"K1B","ungr","1","1",196.3,281.6,462.1,"ungr1",433.211029052734,"4530",0,1.60310991604522,0.300053041209598,0.0996391170994037,0.449689959189775,0.171142458497211,0.0185689634677724,0.0576444172907493,0.0556406329760082,0
"246",NA,2017-07-29,NA,NA,708268.92641836,4329498.47084704,1215,7,2017,0.225772123567695,0,"N1A","bison","1","1",214.5,397.4,541.7,"bison1",375.697021484375,"4590",0,1.98186537612209,0.0996915136305139,0.122008477863237,0.659367740080148,0.298513445791594,0.0149928204024821,0.0135223013821889,0.0397148676171079,0.259674134419552
"247",NA,2017-07-16,NA,NA,711404.357381208,4330026.88278523,1202,7,2017,0.229625905060521,0,"K1B","ungr","1","1",214.5,397.4,541.7,"ungr1",425.397033691406,"4530",0,3.14519882272448,0.27474422822621,0.0950211179701182,0.499972135711494,0.252935133709086,0.0131394985247267,0.0491952648860802,0.0229357798165138,0.00152905198776758
"248",NA,2018-06-06,NA,NA,711809.877266055,4330974.70064,1527,6,2018,0.238867793360721,0,"C3SB","cattle","3","0",98.6,324.3,397.4,"cattle3",373.868011474609,"4051",0,6.03403886429943,0.18213480102721,0.136680134675862,0.205219596877764,0.255313396164571,0.00810131853894006,0.0118371863919879,0.103869653767821,0.364562118126273
"249",NA,2014-07-03,NA,NA,709827.145175051,4330185.64678628,93,7,2014,0.143588811242461,0,"K1B","ungr","1","1",150.9,462.1,195.8,"ungr1",384.914031982422,"4590",0,2.76642343978731,0.348762116759486,0.0991432486857278,0.278995310667802,0.328693117469568,0.0370515399528468,0.0422692396608015,0.0178389398572885,0.00254841997961264
"250",NA,2019-05-15,NA,NA,710105.610849166,4328648.69908467,1870,5,2019,0.0693331576758028,0,"N1B","bison","1","1",222.8,238,324.3,"bison1",411.960021972656,"4530",0,2.00163182828447,0.155671315936208,0.256199186838217,0.458222897418473,0.056684624765588,0.00865899314897297,0.0385930996681699,0.0917899031106578,0.000509943906170321
"251",NA,2015-06-28,NA,NA,712329.014709922,4332496.99252673,453,6,2015,0.24461318315285,0,"C3SC","cattle","3","1",196.3,281.6,462.1,"cattle3",402.093017578125,"4550",0,1.66756656285236,0.187296948609018,0.159724344521395,0.425329005625509,0.308501771725769,0.0143596609197284,0.0452556087635929,0.0430161943319838,0.00253036437246964
"252",NA,2020-07-25,NA,NA,712205.908279593,4330675.2873151,2307,7,2020,0.126181881782105,0,"C3SB","cattle","3","0",136,560.4,238,"cattle3",420.878021240234,"4530",0,4.04542233038423,0.389649897412792,0.197289661604306,0.114376784783412,0.0986733500597827,0.0178123672876581,0.0496933849556438,0.0382262996941896,0
"253",NA,2019-06-29,NA,NA,712762.78337144,4330936.73876477,1915,6,2019,0.177568656266828,0,"C3SB","cattle","3","1",222.8,238,324.3,"cattle3",413.392028808594,"4530",0,4.34106375645806,0.263114065509835,0.214319275773681,0.2982305692778,0.043947118150387,0.00498850754859023,0.0165644792120699,0.257491112239716,0.142712036566785
"254",NA,2019-05-16,NA,NA,706480.082536387,4329860.88678511,1871,5,2019,0.126615591195028,0,"N2A","bison","2","0",222.8,238,324.3,"bison2",361.128021240234,"4590",0,1.4840331932173,0.181049745746854,0.217824206911127,0.46060452975823,0.0779334611421563,0.00649188655220254,0.0109615655318882,0.0832482124616956,0.313074565883555
"255",NA,2016-06-29,NA,NA,709689.668057974,4328773.45809925,820,6,2016,0.158640050434024,0,"N1B","bison","1","1",223,541.7,281.6,"bison1",387.628021240234,"4590",0,2.71430982988869,0.169897273257257,0.187831676856216,0.421233997758336,0.184413589458559,0.0120212496926936,0.019653631586443,0.0717922606924644,0.0687372708757637
"256",NA,2014-06-20,NA,NA,708061.040172078,4328789.14481063,80,6,2014,0.1900973796205,0,"N2B","bison","2","0",150.9,462.1,195.8,"bison2",397.035003662109,"4530",0,2.36192768825588,0.103982542748935,0.101331707313191,0.146896071855832,0.578000394556222,0.0033990686638512,0.0305353498081141,0.343132285859098,0.00304105423213381
"257",NA,2020-07-17,NA,NA,712727.033842716,4329784.360235,2299,7,2020,0.115513488324274,0,"C3B","cattle","3","1",136,560.4,238,"cattle3",399.190032958984,"4051",0,3.13883969050761,0.408888596242756,0.214775183584319,0.325379364752665,0.0388079851744923,0.00688804698203251,0.00214608799086403,0.0952623535404992,0.653591441670912
"258",NA,2020-07-04,NA,NA,710320.099141087,4328300.79116164,2286,7,2020,0.243129578170613,0,"N1B","bison","1","1",136,560.4,238,"bison1",428.31103515625,"4530",0,2.13023117803619,0.267711735423112,0.255608516723575,0.322369852947041,0.0518019827625794,0.0158842973335571,0.0694202915136073,0.01580826109128,0
"259",NA,2019-05-15,NA,NA,711603.010959739,4330333.21773554,1870,5,2019,0.194962074115825,0,"C3SB","cattle","3","1",222.8,238,324.3,"cattle3",410.743011474609,"4530",0,1.88462477242311,0.208565708241588,0.171008555140919,0.492133823691529,0.0638485956427111,0.00631111632526715,0.0175119842219445,0.273604060913706,0.0791878172588832
"260",NA,2015-05-23,NA,NA,712176.758178447,4330882.88755779,417,5,2015,0.28397630565719,0,"C3SB","cattle","3","0",196.3,281.6,462.1,"cattle3",396.589019775391,"4590",0,2.97757057498083,0.118780157523844,0.0969290515988588,0.216045309512312,0.433358586008235,0.00511618598262652,0.0170826830027795,0.27258883248731,0.0197969543147208
"261",NA,2018-07-21,NA,NA,711692.824054007,4329553.98486092,1572,7,2018,0.126864709810704,0,"C3B","cattle","3","0",98.6,324.3,397.4,"cattle3",438.059020996094,"4530",0,3.14232265705616,0.226891132742759,0.177942468045587,0.207545872970644,0.269239073965629,0.0284239946860027,0.0551289618129445,0.00459652706843718,0
"262",NA,2019-07-12,NA,NA,711166.178257803,4332280.97416628,1928,7,2019,0.157511226341951,0,"C3SA","cattle","3","0",222.8,238,324.3,"cattle3",340.743011474609,"7174",0,5.6711335145807,0.316860386766978,0.206433582604019,0.155759977136378,0.173952094456896,0.00739578668547736,0.00351376911174105,0.169984686064319,0.546707503828484
"263",NA,2019-05-27,NA,NA,709771.454031596,4329184.49303769,1882,5,2019,0.187579355403411,0,"N1B","bison","1","1",222.8,238,324.3,"bison1",399.909027099609,"4590",0,1.965798101271,0.177831719485957,0.247050023576675,0.512770238879633,0.0554287315987291,0.00427772525280866,0.0161997337723696,0.288040712468193,0.0539440203562341
"264",NA,2015-05-29,NA,NA,708090.943525223,4329383.53211466,423,5,2015,0.219574013823577,0,"N1A","bison","1","1",196.3,281.6,462.1,"bison1",394.671020507812,"4530",0,1.00214229437554,0.0946794247920348,0.136815399742414,0.580239929925957,0.235732533019507,0.00283687572396131,0.0148045441277786,0.311608961303462,0.245417515274949
"265",NA,2014-07-04,NA,NA,709798.02718088,4330058.42062781,94,7,2014,0.170165957238816,0,"K1B","ungr","1","1",150.9,462.1,195.8,"ungr1",395.013031005859,"4530",0,2.75018278566101,0.35446538671475,0.101224498474091,0.279701017160815,0.322826205118815,0.0316026320874448,0.0549988510564174,0.00305498981670061,0
"266",NA,2015-05-15,NA,NA,712079.933556787,4330551.25469999,409,5,2015,0.167799386592114,0,"C3SB","cattle","3","0",196.3,281.6,462.1,"cattle3",418.682006835938,"4530",0,2.19057743327238,0.128010769543511,0.115092108574138,0.2129536585489,0.447670467945808,0.010263355270299,0.0382110436297288,0.133163265306122,0.00153061224489796
"267",NA,2019-07-13,NA,NA,712383.290677438,4329394.88370384,1929,7,2019,0.140535945309125,0,"C3B","cattle","3","0",222.8,238,324.3,"cattle3",431.612030029297,"4530",0,5.20712806852627,0.349787779419441,0.250362294301393,0.121143261728166,0.13183320087106,0.0202657412607733,0.0934155364152475,0.0238336713995943,0
"268",NA,2016-07-11,NA,NA,711001.2665217,4330476.28763534,832,7,2016,0.102619893488464,0,"K2A","ungr","2","1",223,541.7,281.6,"ungr2",413.081024169922,"4530",0,2.95922127147428,0.32590295067236,0.137345573261175,0.280408635401424,0.224491519187414,0.0232369166448221,0.0615896737234299,0.060081466395112,0
"269",NA,2014-07-23,NA,NA,712531.930167748,4331183.99325142,113,7,2014,0.289379888969674,0,"C3SB","cattle","3","0",150.9,462.1,195.8,"cattle3",396.981018066406,"4550",0,5.4856229521838,0.129115753983606,0.0901033963002585,0.112374707679372,0.654106176947013,0.00674146290568571,0.0109110595365148,0.102406554019457,0.226830517153098
"270",NA,2018-07-16,NA,NA,710773.053466697,4331118.46340828,1567,7,2018,0.201685741809263,0,"C3SA","cattle","3","0",98.6,324.3,397.4,"cattle3",407.136016845703,"4530",0,3.10470595147907,0.224233606826044,0.188409355114388,0.231544756388783,0.242433369747703,0.00808080672495098,0.0362717419601465,0.140529531568228,0.0356415478615071
"271",NA,2016-07-04,NA,NA,712482.655576822,4330504.58285501,825,7,2016,0.0476565502651314,0,"C3A","cattle","3","1",223,541.7,281.6,"cattle3",426.192016601562,"4783",0,2.84708097156892,0.261440760746974,0.180707209949356,0.292150181082417,0.168437016739897,0.0296601287713725,0.114800267236227,0.00305343511450382,0
"272",NA,2017-06-10,NA,NA,711593.582367684,4330086.07822623,1166,6,2017,0.159662762630509,0,"C3SB","cattle","3","0",214.5,397.4,541.7,"cattle3",439.069030761719,"4530",0,2.83742305772252,0.15108977058341,0.115163581328346,0.354003640728805,0.424882432567127,0.0193878823964545,0.0349199471009142,0.143075356415479,0.0106924643584521
"273",NA,2015-07-03,NA,NA,710629.014271219,4330443.72333275,458,7,2015,0.232231644254205,0,"K2A","ungr","2","0",196.3,281.6,462.1,"ungr2",390.994018554688,"4590",0,4.30564990943196,0.240864217487768,0.103651474875284,0.125660172104996,0.567744916240395,0.00539243686991787,0.009353299930667,0.2052067381317,0.291475242470648
"274",NA,2018-06-16,NA,NA,711615.636458042,4332063.30667362,1537,6,2018,0.243125322937234,0,"C3SC","cattle","3","1",98.6,324.3,397.4,"cattle3",348.713012695312,"4550",0,2.47761909520834,0.180055458791779,0.145101795126948,0.585885587924252,0.141038071256141,0.00910495677165436,0.00132949955091659,0.0790010193679919,0.761977573904179
"275",NA,2020-05-03,NA,NA,708732.33142578,4329561.01647756,2224,5,2020,0.136847848529796,0,"N2B","bison","2","0",136,560.4,238,"bison2",359.213012695312,"4590",0,2.95073534112761,0.238499673305522,0.211445210190981,0.264320351007357,0.0939731208457385,0.00825915162197137,0.00321014294062364,0.0560652395514781,0.658511722731906
"276",NA,2016-07-22,NA,NA,711398.328923518,4329206.13100122,843,7,2016,0.0771994880557866,0,"K1B","ungr","1","1",223,541.7,281.6,"ungr1",440.903015136719,"4530",0,2.49792831410199,0.51615403307442,0.136748531276588,0.324496944500478,0.117487586620868,0.0331777196242707,0.0412945271817119,0.00203873598369011,0.00305810397553517
"277",NA,2017-06-10,NA,NA,711167.336257151,4332203.17514737,1166,6,2017,0.216449231606985,0,"C3SA","cattle","3","1",214.5,397.4,541.7,"cattle3",342.7490234375,"4550",0,2.91257285294061,0.153335698283298,0.119169071170991,0.609365427581478,0.246059828996221,0.00527444787509361,0.00494666151780921,0.182833925850686,0.492635855764347
"278",NA,2019-06-25,NA,NA,708381.250848385,4329727.91079238,1911,6,2019,0.157978838569592,0,"N1A","bison","1","1",222.8,238,324.3,"bison1",379.096008300781,"4590",0,2.09099664216174,0.197890309510502,0.251915509115994,0.535881772241387,0.0475952529027068,0.0405693614523607,0.0907174768866202,0.00101936799184506,0
"279",NA,2014-05-18,NA,NA,711502.18346285,4328953.99621012,47,5,2014,0.131284601301257,0,"C3C","cattle","3","0",150.9,462.1,195.8,"cattle3",436.611022949219,"4530",0,1.44171500504776,0.211749826599698,0.0734296726783752,0.143833665451425,0.539152694318193,0.0149332890442738,0.0296804979739491,0.0352220520673813,0.0234813680449209
"280",NA,2017-07-19,NA,NA,712051.283043083,4332051.44827202,1205,7,2017,0.245670027752636,0,"C3SC","cattle","3","0",214.5,397.4,541.7,"cattle3",362.599029541016,"4550",0,3.99896417198869,0.128257290696805,0.0866316562219631,0.405722919042236,0.535557090822654,0.00834265042972692,0.0021775240694313,0.054989816700611,0.730142566191446
"281",NA,2014-06-15,NA,NA,708098.112642548,4328090.24718541,75,6,2014,0.148747518042094,0,"N2B","bison","2","0",150.9,462.1,195.8,"bison2",432.568023681641,"4530",0,1.42615234149753,0.0919153837173389,0.110507130975413,0.129094135949641,0.570891257492745,0.0154752706978622,0.0927872961017925,0.0835455934793683,0
"282",NA,2016-07-07,NA,NA,706980.458251983,4329966.75830117,828,7,2016,0.156525602349565,0,"N2A","bison","2","1",223,541.7,281.6,"bison2",354.908020019531,"4590",0,1.42880107395402,0.252048514725152,0.21970957059382,0.529846735104819,0.145947684589569,0.0139794798649061,0.0298273035735234,0.036697247706422,0.000509683995922528
"283",NA,2016-06-27,NA,NA,712782.714229619,4330335.88140168,818,6,2016,0.0355958872008029,0,"C3A","cattle","3","1",223,541.7,281.6,"cattle3",419.477020263672,"4625",0,2.55526555314103,0.235894395381374,0.157725379395776,0.37734090413486,0.149152321247483,0.0449068789264138,0.0852653789628001,0,0
