,date,species,bands,sx,sy,time
162,5/24/2021,GRSP,SB-KW,706494,4329682,2610
165,5/24/2021,GRSP,SB-KW,706495,4329625,2610
160,5/24/2021,GRSP,SB-KW,706517,4329661,2610
123,5/19/2021,GRSP,YW-PS,706535,4329213,2605
121,5/19/2021,GRSP,GS-OW,706538,4329400,2605
118,5/19/2021,GRSP,DP-KS,706545,4329496,2605
120,5/19/2021,GRSP,GS-BP,706594,4329728,2605
106,5/19/2021,GRSP,SB-KW,706594,4329728,2605
673,7/1/2021,GRSP,GS-WP,706656,4329760,2648
770,7/13/2021,GRSP,GS-BP,706671,4329711,2660
675,7/1/2021,GRSP,GS-WP,706677,4329782,2648
906,7/23/2021,GRSP,DS-WP,706686,4329705,2670
774,7/13/2021,GRSP,GS-BP,706692,4329732,2660
563,6/21/2021,GRSP,GS-WP,706697,4329773,2638
668,7/1/2021,GRSP,GS-WP,706698,4329774,2648
901,7/23/2021,GRSP,DS-WP,706701,4329733,2670
771,7/13/2021,GRSP,GS-BP,706701,4329734,2660
555,6/21/2021,GRSP,GS-WP,706701,4329743,2638
919,7/23/2021,GRSP,DS-WP,706723,4329725,2670
565,6/21/2021,GRSP,GS-WP,706732,4329816,2638
610,6/28/2021,GRSP,KS-DD,708166,4329866,2645
604,6/28/2021,GRSP,KS-DD,708171,4329817,2645
609,6/28/2021,GRSP,KS-DD,708216,4329869,2645
478,6/15/2021,GRSP,KS-DD,708260,4330009,2632
482,6/15/2021,GRSP,YS-KD,708307,4328087,2632
159,5/24/2021,GRSP,YS-KD,708322,4328121,2610
606,6/28/2021,GRSP,KS-DD,708370,4329694,2645
475,6/15/2021,GRSP,YS-AA,708382,4328217,2632
720,7/7/2021,GRSP,GS-DO,709573,4328099,2654
320,6/3/2021,GRSP,OP-SW,709595,4328193,2620
332,6/3/2021,GRSP,GS-DR,709621,4328070,2620
326,6/3/2021,GRSP,SB-BD,709637,4328015,2620
312,6/3/2021,GRSP,DD-DS,709769,4328094,2620
603,6/26/2021,GRSP,DD-DS,709769,4328050,2643
602,6/26/2021,GRSP,DD-DS,709774,4328079,2643
957,7/27/2021,GRSP,DD-DS,709775,4328026,2674
601,6/26/2021,GRSP,DD-DS,709780,4328070,2643
947,7/27/2021,GRSP,DD-DS,709783,4328070,2674
723,7/7/2021,GRSP,GS-RY,709832,4327987,2654
956,7/27/2021,GRSP,GS-RY,709832,4327932,2674
820,7/19/2021,GRSP,RY-GS,709848,4327979,2666
819,7/19/2021,GRSP,RY-GS,709850,4328032,2666
315,6/3/2021,GRSP,BG-SP,709854,4327994,2620
318,6/3/2021,GRSP,GS-RY,709854,4327994,2620
952,7/27/2021,GRSP,GS-RY,709854,4327986,2674
955,7/27/2021,GRSP,GS-RY,709874,4327920,2674
719,7/7/2021,GRSP,GS-RY,709884,4327914,2654
717,7/7/2021,GRSP,GS-RY,709889,4327922,2654
718,7/7/2021,GRSP,GS-RY,709907,4327937,2654
390,6/8/2021,GRSP,GS-RY,709913,4327931,2625
377,6/8/2021,GRSP,GS-RY,709915,4327871,2625
391,6/8/2021,GRSP,GS-RY,709926,4327921,2625
958,7/27/2021,GRSP,YG-SB,709995,4328034,2674
496,6/16/2021,GRSP,BG-SP,710003,4328126,2633
486,6/16/2021,GRSP,BG-SP,710013,4328097,2633
485,6/16/2021,GRSP,BG-SP,710017,4328111,2633
954,7/27/2021,GRSP,YG-SB,710017,4327992,2674
943,7/27/2021,GRSP,YG-SB,710027,4328034,2674
605,6/28/2021,GRSP,YG-SB,710032,4328136,2645
607,6/28/2021,GRSP,SR-GO,710265,4328086,2645
145,5/22/2021,GRSP,OY-SG,710348,4328814,2608
149,5/22/2021,GRSP,OY-SG,710353,4328802,2608
289,6/1/2021,GRSP,OY-SG,710363,4328803,2618
148,5/22/2021,GRSP,OY-SG,710367,4328805,2608
288,6/1/2021,GRSP,OY-SG,710382,4328811,2618
284,6/1/2021,GRSP,OY-SG,710395,4328835,2618
946,7/27/2021,GRSP,OY-SG,710423,4328849,2674
161,5/24/2021,GRSP,AA-SP,710435,4328308,2610
97,5/18/2021,GRSP,OY-SG,710465,4328826,2604
164,5/24/2021,GRSP,GK-RS,710511,4328228,2610
490,6/16/2021,GRSP,OS-WD,710550,4330299,2633
89,5/18/2021,GRSP,SR-YK,710554,4328746,2604
686,7/2/2021,GRSP,OS-WD,710566,4330285,2649
959,7/28/2021,GRSP,OS-WD,710575,4330255,2675
258,5/27/2021,GRSP,OS-WD,710579,4330291,2613
264,5/27/2021,GRSP,RB-SK,710579,4330291,2613
494,6/16/2021,GRSP,OS-WD,710594,4330294,2633
724,7/8/2021,GRSP,OS-WD,710596,4330246,2655
960,7/28/2021,GRSP,OS-WD,710596,4330247,2675
927,7/24/2021,GRSP,OS-WD,710597,4330254,2671
487,6/16/2021,GRSP,OY-SG,710597,4328693,2633
580,6/23/2021,GRSP,OW-RS,710599,4330228,2640
588,6/23/2021,GRSP,OW-RS,710599,4330228,2640
495,6/16/2021,GRSP,OY-SG,710601,4328686,2633
725,7/8/2021,GRSP,OS-WD,710602,4330255,2655
961,7/28/2021,GRSP,OS-WD,710603,4330256,2675
798,7/14/2021,GRSP,OS-WD,710610,4330194,2661
799,7/14/2021,GRSP,OS-WD,710610,4330182,2661
272,5/28/2021,GRSP,KS-GO,710618,4331694,2614
926,7/24/2021,GRSP,OS-WD,710622,4330227,2671
608,6/28/2021,GRSP,OY-SG,710626,4328684,2645
491,6/16/2021,GRSP,OY-SG,710632,4328679,2633
802,7/14/2021,GRSP,OS-WD,710635,4330214,2661
823,7/19/2021,GRSP,OY-SG,710644,4328596,2666
925,7/24/2021,GRSP,OS-WD,710664,4330226,2671
388,6/8/2021,GRSP,OY-SG,710664,4328720,2625
591,6/23/2021,GRSP,OW-RS,710666,4329268,2640
822,7/19/2021,GRSP,OY-SG,710669,4328669,2666
386,6/8/2021,GRSP,OY-SG,710675,4328719,2625
489,6/16/2021,GRSP,KS-GD,710681,4328624,2633
379,6/8/2021,GRSP,OY-SG,710681,4328706,2625
147,5/22/2021,GRSP,SR-AG,710684,4328415,2608
493,6/16/2021,GRSP,KS-GD,710696,4328626,2633
721,7/7/2021,GRSP,OY-SG,710696,4328626,2654
155,5/22/2021,GRSP,SR-AG,710701,4328426,2608
373,6/7/2021,GRSP,BR-SK,710704,4330243,2624
146,5/22/2021,GRSP,SR-AG,710704,4328433,2608
337,6/3/2021,GRSP,SD-PA,710711,4331138,2620
374,6/7/2021,GRSP,BR-SK,710712,4330232,2624
827,7/20/2021,GRSP,RW-SK,710722,4330230,2667
316,6/3/2021,GRSP,SD-PA,710722,4331174,2620
163,5/24/2021,GRSP,SD-PA,710725,4331141,2610
710,7/6/2021,GRSP,YB-PS,710725,4331159,2653
661,7/1/2021,GRSP,DG-SD,710734,4331030,2648
323,6/3/2021,GRSP,SD-PA,710739,4331171,2620
167,5/25/2021,GRSP,DG-SD,710741,4331021,2611
828,7/20/2021,GRSP,RW-SK,710746,4330221,2667
8,5/5/2021,GRSP,SK-YP,710748,4330898,2591
876,7/21/2021,GRSP,SR-YK,710750,4328759,2668
657,7/1/2021,GRSP,DG-SD,710753,4331012,2648
140,5/20/2021,GRSP,DG-SD,710754,4330877,2606
914,7/23/2021,GRSP,DP-OS,710754,4331978,2670
139,5/20/2021,GRSP,DG-SD,710755,4330887,2606
921,7/23/2021,GRSP,DP-OS,710756,4331989,2670
831,7/20/2021,GRSP,RW-SK,710756,4330260,2667
913,7/23/2021,GRSP,DP-OS,710762,4331960,2670
663,7/1/2021,GRSP,GS-OP,710763,4332042,2648
492,6/16/2021,GRSP,DG-SD,710764,4330869,2633
669,7/1/2021,GRSP,GS-OP,710764,4332060,2648
144,5/20/2021,GRSP,DG-SD,710765,4330862,2606
527,6/19/2021,GRSP,DG-SD,710768,4330857,2636
683,7/2/2021,GRSP,DP-OS,710768,4331972,2649
178,5/25/2021,GRSP,DG-SD,710771,4330980,2611
776,7/13/2021,GRSP,DP-OS,710771,4331974,2660
142,5/20/2021,GRSP,DG-SD,710773,4330844,2606
660,7/1/2021,GRSP,GS-OP,710773,4332074,2648
170,5/25/2021,GRSP,DG-SD,710774,4331000,2611
267,5/28/2021,GRSP,YS-KB,710787,4332387,2614
786,7/13/2021,GRSP,DP-OS,710788,4331975,2660
787,7/13/2021,GRSP,DP-OS,710789,4331955,2660
775,7/13/2021,GRSP,GS-OP,710799,4332050,2660
376,6/7/2021,GRSP,BR-SK,710800,4330254,2624
269,5/28/2021,GRSP,GS-OP,710805,4332092,2614
270,5/28/2021,GRSP,SW-AK,710805,4332092,2614
275,5/29/2021,GRSP,DP-SG,710812,4330797,2615
783,7/13/2021,GRSP,GS-OP,710812,4332071,2660
521,6/18/2021,GRSP,DS-KW,710815,4331723,2635
520,6/18/2021,GRSP,SO-Wx,710815,4331723,2635
796,7/13/2021,GRSP,GS-OP,710816,4332050,2660
273,5/29/2021,GRSP,DP-SG,710827,4330778,2615
793,7/13/2021,GRSP,WK-SY,710833,4331996,2660
522,6/18/2021,GRSP,BK-SY,710834,4331944,2635
684,7/2/2021,GRSP,AS-KW,710835,4332027,2649
688,7/2/2021,GRSP,PS-OG,710835,4332027,2649
274,5/29/2021,GRSP,DP-SG,710837,4330766,2615
905,7/23/2021,GRSP,BK-SY,710840,4331957,2670
922,7/23/2021,GRSP,AO-KS,710842,4332119,2670
533,6/19/2021,GRSP,AO-KS,710844,4332149,2636
916,7/23/2021,GRSP,BK-SY,710845,4331948,2670
907,7/23/2021,GRSP,PS-OG,710846,4332058,2670
175,5/25/2021,GRSP,DP-SG,710847,4330758,2611
7,5/5/2021,GRSP,SB-GY,710848,4330828,2591
902,7/23/2021,GRSP,BK-SY,710850,4331978,2670
189,5/25/2021,GRSP,DP-SG,710850,4330776,2611
912,7/23/2021,GRSP,AO-KS,710855,4332117,2670
322,6/3/2021,GRSP,AO-KS,710856,4332132,2620
187,5/25/2021,GRSP,DP-SG,710859,4330744,2611
797,7/13/2021,GRSP,WK-SY,710860,4331984,2660
682,7/2/2021,GRSP,AO-KS,710861,4332156,2649
681,7/2/2021,GRSP,PO-SY,710861,4332156,2649
266,5/28/2021,GRSP,AO-KS,710862,4332182,2614
176,5/25/2021,GRSP,DP-SG,710862,4330782,2611
903,7/23/2021,GRSP,PS-OG,710862,4332062,2670
271,5/28/2021,GRSP,YO-PS,710862,4332182,2614
904,7/23/2021,GRSP,PS-OG,710865,4332040,2670
676,7/1/2021,GRSP,AO-KS,710871,4332128,2648
911,7/23/2021,GRSP,AO-KS,710871,4332177,2670
313,6/3/2021,GRSP,AO-KS,710876,4332151,2620
166,5/25/2021,GRSP,DP-SG,710877,4330778,2611
529,6/19/2021,GRSP,AO-KS,710879,4332128,2636
920,7/23/2021,GRSP,SK-DG,710881,4332090,2670
317,6/3/2021,GRSP,AO-KS,710885,4332131,2620
915,7/23/2021,GRSP,SK-DG,710886,4332105,2670
689,7/2/2021,GRSP,SK-DG,710894,4332080,2649
674,7/1/2021,GRSP,SG-GP,710903,4331845,2648
685,7/2/2021,GRSP,BS-RG,710904,4332231,2649
923,7/23/2021,GRSP,SK-DG,710912,4332083,2670
19,5/7/2021,GRSP,BR-SG,710927,4330770,2593
677,7/1/2021,GRSP,SG-GP,710928,4331821,2648
523,6/18/2021,GRSP,SG-GP,710935,4331822,2635
16,5/7/2021,GRSP,BR-SG,710936,4330765,2593
2,4/24/2021,GRSP,SD-PD,710936,4330698,2580
1,4/24/2021,GRSP,WO-KS,710936,4330698,2580
17,5/7/2021,GRSP,BR-SG,710938,4330772,2593
63,5/17/2021,GRSP,DG-DS,710944,4330702,2603
728,7/8/2021,GRSP,SD-PD,710944,4331850,2655
26,5/7/2021,GRSP,DP-SG,710963,4330677,2593
687,7/2/2021,GRSP,SG-GP,710963,4331851,2649
32,5/7/2021,GRSP,DP-SG,710972,4330660,2593
671,7/1/2021,GRSP,SG-GP,710976,4331845,2648
30,5/7/2021,GRSP,DP-SG,710982,4330685,2593
3,5/5/2021,GRSP,DP-SG,710992,4330780,2591
528,6/19/2021,GRSP,SK-YR,711006,4330966,2636
532,6/19/2021,GRSP,SK-YR,711009,4330990,2636
417,6/10/2021,GRSP,SK-YP,711011,4330907,2627
174,5/25/2021,GRSP,SK-YO,711026,4330904,2611
410,6/10/2021,GRSP,SK-YP,711026,4330930,2627
171,5/25/2021,GRSP,SK-YO,711030,4330926,2611
60,5/17/2021,GRSP,YS-PB,711033,4330741,2603
203,5/25/2021,GRSP,YS-RB,711037,4330687,2611
193,5/25/2021,GRSP,YS-RB,711038,4330688,2611
61,5/17/2021,GRSP,YS-PB,711050,4330753,2603
72,5/17/2021,GRSP,YS-PB,711052,4330739,2603
173,5/25/2021,GRSP,SK-YO,711053,4330901,2611
4,5/5/2021,GRSP,BR-SG,711059,4330741,2591
190,5/25/2021,GRSP,YS-RB,711063,4330688,2611
15,5/7/2021,GRSP,GS-WR,711066,4330884,2593
195,5/25/2021,GRSP,YS-RB,711067,4330678,2611
20,5/7/2021,GRSP,GS-WR,711077,4330897,2593
824,7/19/2021,GRSP,RG-SD,711077,4328515,2666
18,5/7/2021,GRSP,GS-WR,711080,4330866,2593
825,7/19/2021,GRSP,RG-SD,711085,4328476,2666
950,7/27/2021,GRSP,RG-SD,711086,4328498,2674
6,5/5/2021,GRSP,GS-WR,711093,4330879,2591
5,5/5/2021,GRSP,YS-RB,711093,4330879,2591
31,5/7/2021,GRSP,YS-RB,711102,4330673,2593
304,6/2/2021,GRSP,GS-BP,711104,4328322,2619
821,7/19/2021,GRSP,RG-SD,711108,4328454,2666
407,6/9/2021,GRSP,GS-WR,711109,4330864,2626
518,6/17/2021,GRSP,GS-WR,711116,4330856,2634
27,5/7/2021,GRSP,YS-RB,711119,4330691,2593
509,6/17/2021,GRSP,GS-WR,711123,4330847,2634
953,7/27/2021,GRSP,RG-SD,711124,4328457,2674
29,5/7/2021,GRSP,SB-GY,711124,4330653,2593
24,5/7/2021,GRSP,SB-GY,711128,4330659,2593
198,5/25/2021,GRSP,SB-GY,711134,4330596,2611
372,6/5/2021,GRSP,DP-SG,711139,4330414,2622
366,6/5/2021,GRSP,DP-SG,711141,4330424,2622
949,7/27/2021,GRSP,RG-SD,711143,4328500,2674
418,6/10/2021,GRSP,GS-WR,711159,4331000,2627
202,5/25/2021,GRSP,SB-GY,711163,4330590,2611
439,6/11/2021,GRSP,KS-GB,711164,4331595,2628
409,6/10/2021,GRSP,GS-WR,711168,4331026,2627
415,6/10/2021,GRSP,GS-WR,711168,4331002,2627
371,6/5/2021,GRSP,DP-SG,711170,4330454,2622
28,5/7/2021,GRSP,SB-GY,711171,4330622,2593
305,6/2/2021,GRSP,GS-BP,711174,4328887,2619
441,6/11/2021,GRSP,BW-SB,711205,4331296,2628
442,6/11/2021,GRSP,RO-SW,711205,4331296,2628
199,5/25/2021,GRSP,SB-GY,711205,4330554,2611
658,7/1/2021,GRSP,RG-SD,711209,4331140,2648
672,7/1/2021,GRSP,RG-SD,711209,4331131,2648
667,7/1/2021,GRSP,RG-SD,711214,4331115,2648
78,5/17/2021,GRSP,YS-OP,711214,4330381,2603
438,6/11/2021,GRSP,RG-SD,711216,4331151,2628
435,6/11/2021,GRSP,BO-BS,711221,4331783,2628
434,6/11/2021,GRSP,RR-SD,711221,4331783,2628
778,7/13/2021,GRSP,DW-KS,711225,4331277,2660
314,6/3/2021,GRSP,KS-GB,711229,4331560,2620
680,7/1/2021,GRSP,RR-SD,711230,4331819,2648
785,7/13/2021,GRSP,DW-KS,711234,4331262,2660
336,6/3/2021,GRSP,KS-GB,711236,4331589,2620
860,7/21/2021,GRSP,RK-PS,711240,4331639,2668
858,7/21/2021,GRSP,RK-PS,711243,4331602,2668
781,7/13/2021,GRSP,DW-KS,711244,4331273,2660
794,7/13/2021,GRSP,RK-PS,711245,4331676,2660
795,7/13/2021,GRSP,RK-PS,711247,4331670,2660
709,7/6/2021,GRSP,RK-PS,711248,4331606,2653
852,7/21/2021,GRSP,RK-PS,711248,4331625,2668
784,7/13/2021,GRSP,RK-PS,711249,4331676,2660
319,6/3/2021,GRSP,KS-GB,711251,4331583,2620
708,7/6/2021,GRSP,DW-KS,711283,4331271,2653
711,7/6/2021,GRSP,WD-DS,711283,4331271,2653
57,5/13/2021,GRSP,WO-SK,711294,4330221,2599
440,6/11/2021,GRSP,SO-DD,711309,4331414,2628
59,5/14/2021,GRSP,GR-SK,711322,4330275,2600
513,6/17/2021,GRSP,PR-SK,711370,4330565,2634
401,6/9/2021,GRSP,PP-SK,711384,4330561,2626
885,7/21/2021,GRSP,SK-PP,711388,4330621,2668
396,6/9/2021,GRSP,PP-SK,711393,4330608,2626
875,7/21/2021,GRSP,SK-PP,711403,4330608,2668
65,5/17/2021,GRSP,SP-WB,711407,4330673,2603
397,6/9/2021,GRSP,PP-SK,711410,4330561,2626
613,6/29/2021,GRSP,PP-SK,711411,4330574,2646
883,7/21/2021,GRSP,SK-PP,711417,4330594,2668
510,6/17/2021,GRSP,PR-SK,711420,4330561,2634
512,6/17/2021,GRSP,PR-SK,711420,4330591,2634
294,6/2/2021,GRSP,GS-BP,711421,4328540,2619
621,6/29/2021,GRSP,PP-SK,711423,4330525,2646
66,5/17/2021,GRSP,SP-WB,711426,4330687,2603
612,6/29/2021,GRSP,PP-SK,711430,4330552,2646
80,5/17/2021,GRSP,SP-WB,711432,4330682,2603
404,6/9/2021,GRSP,SR-WB,711438,4330633,2626
408,6/9/2021,GRSP,SR-WB,711445,4330638,2626
622,6/29/2021,GRSP,SR-WB,711449,4330739,2646
298,6/2/2021,GRSP,GS-BP,711453,4328526,2619
643,6/29/2021,GRSP,SR-WB,711458,4330731,2646
400,6/9/2021,GRSP,SR-WB,711460,4330620,2626
55,5/13/2021,GRSP,SY-AO,711460,4330678,2599
640,6/29/2021,GRSP,SR-WB,711466,4330739,2646
739,7/9/2021,GRSP,SO-DG,711468,4330743,2656
945,7/27/2021,GRSP,DB-KS,711470,4329121,2674
951,7/27/2021,GRSP,RA-RS,711470,4329121,2674
948,7/27/2021,GRSP,RK-PS,711470,4329121,2674
200,5/25/2021,GRSP,SO-GG,711472,4330751,2611
740,7/9/2021,GRSP,SO-DG,711484,4330753,2656
311,6/2/2021,GRSP,SO-DG,711488,4330790,2619
504,6/17/2021,GRSP,GR-SK,711495,4330422,2634
188,5/25/2021,GRSP,SO-GG,711495,4330751,2611
54,5/13/2021,GRSP,SO-DG,711501,4330841,2599
177,5/25/2021,GRSP,SO-GG,711506,4330816,2611
310,6/2/2021,GRSP,SO-DG,711507,4330827,2619
309,6/2/2021,GRSP,SO-DG,711509,4330820,2619
21,5/7/2021,GRSP,SO-YK,711516,4330462,2593
619,6/29/2021,GRSP,SO-DG,711519,4330476,2646
503,6/17/2021,GRSP,SO-DG,711521,4330458,2634
25,5/7/2021,GRSP,SO-YK,711522,4330366,2593
507,6/17/2021,GRSP,GR-SK,711525,4330400,2634
201,5/25/2021,GRSP,KD-WS,711525,4330118,2611
394,6/9/2021,GRSP,SO-DG,711525,4330505,2626
395,6/9/2021,GRSP,SO-DG,711528,4330534,2626
402,6/9/2021,GRSP,SO-DG,711529,4330535,2626
497,6/17/2021,GRSP,SO-DG,711531,4330468,2634
508,6/17/2021,GRSP,GR-SK,711533,4330432,2634
615,6/29/2021,GRSP,SO-DG,711534,4330492,2646
56,5/13/2021,GRSP,PP-SK,711545,4330730,2599
124,5/19/2021,GRSP,OS-KG,711547,4329322,2605
618,6/29/2021,GRSP,SO-DG,711547,4330493,2646
500,6/17/2021,GRSP,SO-DG,711549,4330500,2634
22,5/7/2021,GRSP,SO-YK,711549,4330384,2593
204,5/25/2021,GRSP,KD-WS,711550,4330123,2611
196,5/25/2021,GRSP,KD-WS,711558,4330098,2611
131,5/19/2021,GRSP,OS-KG,711561,4329332,2605
299,6/2/2021,GRSP,SR-WB,711565,4330942,2619
290,6/2/2021,GRSP,SR-WB,711572,4330987,2619
733,7/9/2021,GRSP,SR-WB,711572,4330965,2656
68,5/17/2021,GRSP,WO-SB,711575,4331048,2603
367,6/5/2021,GRSP,RO-SR,711580,4329739,2622
76,5/17/2021,GRSP,WO-SB,711585,4331074,2603
746,7/9/2021,GRSP,SR-WB,711591,4330958,2656
111,5/19/2021,GRSP,OS-KG,711592,4329333,2605
878,7/21/2021,GRSP,SR-WB,711593,4330961,2668
869,7/21/2021,GRSP,SR-WB,711594,4330997,2668
291,6/2/2021,GRSP,SR-WB,711597,4331007,2619
734,7/9/2021,GRSP,SR-WB,711598,4331004,2656
69,5/17/2021,GRSP,WO-SB,711598,4331041,2603
855,7/21/2021,GRSP,SR-WB,711601,4330979,2668
130,5/19/2021,GRSP,WO-KS,711605,4329796,2605
368,6/5/2021,GRSP,RO-SR,711611,4329741,2622
756,7/10/2021,GRSP,KR-SW,711612,4329530,2657
650,6/29/2021,GRSP,KK-SG,711614,4329450,2646
413,6/10/2021,GRSP,RS-GO,711615,4329657,2627
58,5/13/2021,GRSP,SR-WB,711617,4331002,2599
639,6/29/2021,GRSP,BS-OO,711619,4329435,2646
727,7/8/2021,GRSP,RS-GO,711621,4329681,2655
861,7/21/2021,GRSP,RS-AO,711624,4329657,2668
307,6/2/2021,GRSP,SR-WB,711625,4330985,2619
122,5/19/2021,GRSP,RS-KP,711629,4329927,2605
892,7/21/2021,GRSP,DP-SG,711635,4329404,2668
624,6/29/2021,GRSP,BS-OO,711636,4329486,2646
125,5/19/2021,GRSP,RS-KP,711641,4329923,2605
411,6/10/2021,GRSP,RS-GO,711643,4329670,2627
651,6/29/2021,GRSP,KK-SG,711644,4329442,2646
143,5/20/2021,GRSP,RO-SR,711648,4329744,2606
134,5/19/2021,GRSP,RS-KP,711648,4329903,2605
888,7/21/2021,GRSP,KD-WS,711654,4330020,2668
834,7/20/2021,GRSP,WB-WS,711655,4329431,2667
585,6/23/2021,GRSP,SY-RP,711656,4328550,2640
115,5/19/2021,GRSP,RS-KP,711657,4329922,2605
593,6/23/2021,GRSP,SY-RP,711658,4328551,2640
891,7/21/2021,GRSP,KD-WS,711661,4330025,2668
841,7/21/2021,GRSP,KK-SG,711664,4329330,2668
355,6/4/2021,GRSP,RS-KO,711665,4329956,2621
893,7/21/2021,GRSP,KD-WS,711667,4329972,2668
430,6/10/2021,GRSP,KR-SW,711668,4329549,2627
128,5/19/2021,GRSP,RS-KP,711668,4329901,2605
648,6/29/2021,GRSP,KK-SG,711669,4329410,2646
325,6/3/2021,GRSP,BS-OO,711671,4329543,2620
423,6/10/2021,GRSP,KR-SW,711672,4329572,2627
330,6/3/2021,GRSP,BS-OO,711674,4329537,2620
352,6/4/2021,GRSP,RS-KO,711674,4329936,2621
644,6/29/2021,GRSP,RS-GO,711675,4329636,2646
632,6/29/2021,GRSP,KD-WS,711676,4330013,2646
432,6/10/2021,GRSP,KR-SW,711676,4329556,2627
331,6/3/2021,GRSP,BS-OO,711679,4329538,2620
636,6/29/2021,GRSP,RS-GO,711680,4329595,2646
973,8/14/2021,GRSP,OW-SG,711681,4329377,2692
972,8/14/2021,GRSP,WB-SA,711681,4329377,2692
328,6/3/2021,GRSP,KR-SW,711684,4329546,2620
755,7/10/2021,GRSP,KR-SW,711685,4329545,2657
633,6/29/2021,GRSP,KD-WS,711689,4330007,2646
339,6/3/2021,GRSP,KR-SW,711689,4329558,2620
329,6/3/2021,GRSP,KR-SW,711691,4329553,2620
754,7/10/2021,GRSP,KR-SW,711691,4329567,2657
737,7/9/2021,GRSP,KD-WS,711693,4330008,2656
345,6/4/2021,GRSP,RS-KO,711693,4329966,2621
867,7/21/2021,GRSP,KR-SW,711694,4329599,2668
375,6/7/2021,GRSP,KK-SG,711695,4329359,2624
552,6/21/2021,GRSP,KD-WS,711703,4329981,2638
218,5/26/2021,GRSP,BS-OO,711711,4329466,2612
216,5/26/2021,GRSP,DR-SG,711711,4329466,2612
215,5/26/2021,GRSP,KK-SG,711711,4329466,2612
664,7/1/2021,GRSP,YS-OG,711711,4329963,2648
634,6/29/2021,GRSP,KD-WS,711713,4330000,2646
114,5/19/2021,GRSP,GS-PD,711714,4329704,2605
548,6/21/2021,GRSP,KD-WS,711722,4329981,2638
662,7/1/2021,GRSP,YS-OG,711729,4329979,2648
324,6/3/2021,GRSP,SD-PD,711731,4329689,2620
842,7/21/2021,GRSP,SD-PD,711731,4329705,2668
499,6/17/2021,GRSP,KD-WS,711734,4329985,2634
117,5/19/2021,GRSP,GS-PD,711736,4329709,2605
807,7/16/2021,GRSP,SY-RP,711736,4329734,2663
327,6/3/2021,GRSP,SD-PD,711739,4329688,2620
863,7/21/2021,GRSP,SD-PD,711739,4329725,2668
884,7/21/2021,GRSP,KR-SW,711743,4329578,2668
743,7/9/2021,GRSP,KD-WS,711746,4329986,2656
498,6/17/2021,GRSP,KD-WS,711748,4329988,2634
335,6/3/2021,GRSP,SD-PD,711750,4329683,2620
537,6/19/2021,GRSP,YS-GD,711754,4329725,2636
679,7/1/2021,GRSP,YS-OG,711762,4329987,2648
889,7/21/2021,GRSP,DP-SG,711768,4329486,2668
541,6/19/2021,GRSP,YS-GD,711774,4329728,2636
656,6/29/2021,GRSP,YS-GB,711775,4329729,2646
826,7/20/2021,GRSP,RK-SG,711777,4329334,2667
133,5/19/2021,GRSP,WO-KS,711782,4329723,2605
649,6/29/2021,GRSP,YS-GB,711782,4329745,2646
530,6/19/2021,GRSP,YS-GD,711783,4329708,2636
886,7/21/2021,GRSP,DP-SG,711785,4329481,2668
629,6/29/2021,GRSP,YS-GB,711787,4329705,2646
136,5/20/2021,GRSP,RS-KP,711792,4329993,2606
894,7/22/2021,GRSP,YS-PO,711794,4329796,2669
560,6/21/2021,GRSP,YS-PO,711796,4329787,2638
90,5/18/2021,GRSP,GS-OY,711802,4329832,2604
300,6/2/2021,GRSP,GY-DS,711803,4330137,2619
564,6/21/2021,GRSP,YS-PO,711805,4329826,2638
763,7/12/2021,GRSP,YS-PP,711806,4329826,2659
881,7/21/2021,GRSP,DP-SG,711807,4329452,2668
769,7/12/2021,GRSP,YS-PP,711811,4329807,2659
558,6/21/2021,GRSP,YS-PO,711813,4329799,2638
764,7/12/2021,GRSP,YS-PP,711824,4329823,2659
426,6/10/2021,GRSP,RK-SG,711826,4329433,2627
898,7/22/2021,GRSP,YS-PO,711826,4329796,2669
301,6/2/2021,GRSP,GY-DS,711835,4330134,2619
428,6/10/2021,GRSP,RK-SG,711838,4329442,2627
238,5/26/2021,GRSP,RK-SG,711850,4329475,2612
868,7/21/2021,GRSP,YS-PO,711852,4329779,2668
293,6/2/2021,GRSP,AW-SG,711853,4329816,2619
308,6/2/2021,GRSP,YS-PP,711853,4329816,2619
900,7/22/2021,GRSP,GY-DS,711855,4330220,2669
895,7/22/2021,GRSP,GR-RS,711863,4329425,2669
829,7/20/2021,GRSP,SR-YY,711877,4329497,2667
882,7/21/2021,GRSP,DW-WS,711898,4329527,2668
412,6/10/2021,GRSP,KB-BS,711898,4329756,2627
865,7/21/2021,GRSP,DW-WS,711900,4329500,2668
616,6/29/2021,GRSP,KB-BS,711900,4329777,2646
628,6/29/2021,GRSP,KB-BS,711901,4329793,2646
887,7/21/2021,GRSP,KB-BS,711902,4329774,2668
830,7/20/2021,GRSP,SK-PY,711906,4329422,2667
246,5/26/2021,GRSP,SK-PY,711908,4329393,2612
762,7/12/2021,GRSP,KB-WS,711911,4329797,2659
306,6/2/2021,GRSP,KB-BS,711913,4329761,2619
422,6/10/2021,GRSP,KB-BS,711915,4329779,2627
866,7/21/2021,GRSP,GR-RS,711917,4329434,2668
857,7/21/2021,GRSP,GR-RS,711920,4329390,2668
631,6/29/2021,GRSP,KB-BS,711925,4329776,2646
726,7/8/2021,GRSP,KB-BS,711927,4329752,2655
71,5/17/2021,GRSP,SY-RP,711936,4329700,2603
67,5/17/2021,GRSP,SY-RP,711947,4329705,2603
296,6/2/2021,GRSP,YS-OG,711947,4329831,2619
73,5/17/2021,GRSP,SY-RP,711949,4329665,2603
79,5/17/2021,GRSP,SY-RP,711949,4329665,2603
48,5/11/2021,GRSP,GG-SP,711950,4330265,2597
62,5/17/2021,GRSP,BP-DS,711951,4330495,2603
46,5/11/2021,GRSP,GG-SP,711951,4330243,2597
64,5/17/2021,GRSP,SY-RP,711952,4329697,2603
70,5/17/2021,GRSP,SY-RP,711959,4329672,2603
623,6/29/2021,GRSP,RW-YS,711965,4329771,2646
49,5/11/2021,GRSP,GG-SP,711969,4330250,2597
303,6/2/2021,GRSP,GG-SO,711973,4330252,2619
292,6/2/2021,GRSP,GG-SO,711976,4330243,2619
295,6/2/2021,GRSP,PB-DS,711985,4330470,2619
297,6/2/2021,GRSP,PB-DS,711986,4330479,2619
126,5/19/2021,GRSP,SB-KY,711987,4329479,2605
897,7/22/2021,GRSP,SB-BP,711991,4329377,2669
890,7/21/2021,GRSP,RW-YS,711992,4329779,2668
620,6/29/2021,GRSP,RW-YS,711996,4329795,2646
854,7/21/2021,GRSP,GR-RS,712002,4329386,2668
626,6/29/2021,GRSP,RW-YS,712010,4329798,2646
877,7/21/2021,GRSP,RW-YS,712014,4329776,2668
416,6/10/2021,GRSP,YS-RG,712014,4329607,2627
129,5/19/2021,GRSP,SB-KY,712019,4329492,2605
231,5/26/2021,GRSP,YY-SW,712023,4329481,2612
414,6/10/2021,GRSP,YS-RG,712038,4329605,2627
421,6/10/2021,GRSP,GR-RS,712045,4329386,2627
191,5/25/2021,GRSP,YG-DS,712046,4330221,2611
419,6/10/2021,GRSP,GR-RS,712053,4329393,2627
212,5/26/2021,GRSP,SB-KY,712054,4329381,2612
224,5/26/2021,GRSP,SB-KY,712058,4329390,2612
429,6/10/2021,GRSP,YS-RG,712058,4329619,2627
243,5/26/2021,GRSP,SB-KY,712066,4329395,2612
833,7/20/2021,GRSP,SB-KY,712066,4329429,2667
179,5/25/2021,GRSP,YG-DS,712069,4330236,2611
213,5/26/2021,GRSP,SO-KP,712072,4329486,2612
545,6/19/2021,GRSP,SB-KY,712073,4329412,2636
531,6/19/2021,GRSP,SB-KY,712079,4329378,2636
539,6/19/2021,GRSP,SB-KY,712079,4329398,2636
51,5/12/2021,GRSP,OS-KG,712080,4330154,2598
227,5/26/2021,GRSP,SB-KY,712080,4329378,2612
104,5/19/2021,GRSP,YG-DS,712089,4330235,2605
535,6/19/2021,GRSP,SB-KY,712093,4329393,2636
302,6/2/2021,GRSP,YD-SR,712093,4329950,2619
180,5/25/2021,GRSP,YG-DS,712093,4330236,2611
112,5/19/2021,GRSP,YG-DS,712096,4330247,2605
250,5/27/2021,GRSP,YG-DS,712100,4330252,2613
113,5/19/2021,GRSP,YG-DS,712102,4330260,2605
105,5/19/2021,GRSP,RS-AG,712130,4329239,2605
109,5/19/2021,GRSP,RS-AG,712133,4329265,2605
443,6/12/2021,GRSP,YD-SR,712137,4329923,2629
445,6/12/2021,GRSP,YD-SR,712146,4329947,2629
43,5/10/2021,GRSP,SG-KD,712150,4330117,2596
110,5/19/2021,GRSP,RS-AG,712152,4329280,2605
192,5/25/2021,GRSP,YY-SR,712154,4330732,2611
181,5/25/2021,GRSP,OS-RR,712155,4330627,2611
444,6/12/2021,GRSP,YD-SR,712155,4329927,2629
75,5/17/2021,GRSP,YY-SP,712158,4330728,2603
169,5/25/2021,GRSP,YY-SR,712161,4330714,2611
399,6/9/2021,GRSP,OS-RR,712168,4330653,2626
406,6/9/2021,GRSP,OS-RR,712169,4330634,2626
249,5/27/2021,GRSP,SB-KY,712172,4329398,2613
168,5/25/2021,GRSP,OS-RR,712175,4330628,2611
436,6/11/2021,GRSP,KS-GP,712176,4330529,2628
405,6/9/2021,GRSP,OS-RR,712176,4330666,2626
52,5/12/2021,GRSP,GG-SP,712182,4330181,2598
50,5/12/2021,GRSP,YG-DS,712182,4330181,2598
247,5/27/2021,GRSP,SB-KY,712185,4329386,2613
197,5/25/2021,GRSP,RK-SY,712190,4331266,2611
259,5/27/2021,GRSP,SB-KY,712195,4329412,2613
194,5/25/2021,GRSP,RK-SY,712197,4331269,2611
502,6/17/2021,GRSP,OK-GP,712198,4330541,2634
172,5/25/2021,GRSP,RK-SY,712216,4331291,2611
501,6/17/2021,GRSP,OK-GP,712232,4330445,2634
761,7/12/2021,GRSP,GS-RA,712233,4330104,2659
646,6/29/2021,GRSP,RS-GR,712238,4329843,2646
81,5/17/2021,GRSP,KD-OS,712239,4329197,2603
970,7/31/2021,GRSP,BK-AS,712251,4329886,2678
971,7/31/2021,GRSP,RS-GR,712251,4329886,2678
766,7/12/2021,GRSP,GS-RA,712254,4330105,2659
47,5/11/2021,GRSP,RO-SP,712254,4330159,2597
670,7/1/2021,GRSP,RS-GR,712254,4329863,2648
666,7/1/2021,GRSP,GS-RA,712256,4330103,2648
641,6/29/2021,GRSP,RS-GR,712257,4329867,2646
647,6/29/2021,GRSP,RS-GR,712258,4329885,2646
768,7/12/2021,GRSP,GS-RA,712259,4330114,2659
107,5/19/2021,GRSP,YS-OP,712260,4329436,2605
53,5/12/2021,GRSP,SK-OO,712266,4330116,2598
108,5/19/2021,GRSP,YS-OP,712269,4329438,2605
556,6/21/2021,GRSP,GS-OA,712271,4330107,2638
678,7/1/2021,GRSP,GS-RA,712271,4330108,2648
559,6/21/2021,GRSP,GS-OA,712278,4330110,2638
525,6/19/2021,GRSP,RS-GR,712306,4329910,2636
74,5/17/2021,GRSP,GW-SP,712314,4329153,2603
526,6/19/2021,GRSP,RS-GR,712321,4329832,2636
625,6/29/2021,GRSP,SO-GB,712322,4330755,2646
211,5/26/2021,GRSP,RS-GR,712323,4329869,2612
116,5/19/2021,GRSP,GW-SP,712329,4329276,2605
524,6/19/2021,GRSP,RS-GR,712333,4329841,2636
222,5/26/2021,GRSP,RS-GR,712334,4329873,2612
638,6/29/2021,GRSP,SO-GB,712337,4330771,2646
637,6/29/2021,GRSP,SO-GB,712341,4330749,2646
10,5/6/2021,GRSP,OK-SB,712345,4330078,2592
282,6/1/2021,GRSP,SO-GB,712355,4330789,2618
844,7/21/2021,GRSP,RS-GR,712356,4329853,2668
223,5/26/2021,GRSP,RS-GR,712363,4329844,2612
840,7/21/2021,GRSP,RS-GR,712365,4329880,2668
127,5/19/2021,GRSP,GW-SP,712368,4329270,2605
534,6/19/2021,GRSP,GS-RA,712371,4329642,2636
847,7/21/2021,GRSP,RS-GR,712373,4329857,2668
540,6/19/2021,GRSP,GS-RA,712382,4329626,2636
119,5/19/2021,GRSP,GW-SP,712382,4329254,2605
716,7/7/2021,GRSP,KS-PY,712382,4331442,2654
542,6/19/2021,GRSP,GS-RA,712388,4329622,2636
141,5/20/2021,GRSP,SA-WR,712406,4329576,2606
11,5/6/2021,GRSP,RO-SP,712413,4330130,2592
252,5/27/2021,GRSP,GW-SP,712421,4329205,2613
838,7/21/2021,GRSP,RS-GR,712423,4329899,2668
9,5/5/2021,GRSP,DG-SD,712428,4330030,2591
333,6/3/2021,GRSP,GS-RA,712434,4329643,2620
77,5/17/2021,GRSP,RS-AG,712434,4329181,2603
659,7/1/2021,GRSP,SR-BO,712435,4329914,2648
334,6/3/2021,GRSP,GS-RA,712453,4329643,2620
262,5/27/2021,GRSP,GW-SP,712460,4329164,2613
338,6/3/2021,GRSP,GS-RA,712461,4329621,2620
137,5/20/2021,GRSP,GS-RA,712464,4329669,2606
210,5/26/2021,GRSP,RO-SP,712464,4329995,2612
257,5/27/2021,GRSP,GW-SP,712467,4329180,2613
206,5/26/2021,GRSP,RO-SP,712471,4329979,2612
874,7/21/2021,GRSP,SR-WG,712472,4330697,2668
261,5/27/2021,GRSP,GW-SP,712473,4329200,2613
260,5/27/2021,GRSP,GW-SP,712477,4329215,2613
232,5/26/2021,GRSP,GS-RA,712482,4329567,2612
13,5/6/2021,GRSP,SW-YO,712483,4330187,2592
219,5/26/2021,GRSP,GS-RA,712486,4329587,2612
321,6/3/2021,GRSP,GS-RA,712489,4329596,2620
217,5/26/2021,GRSP,RO-SP,712489,4329969,2612
248,5/27/2021,GRSP,OK-SB,712491,4330102,2613
135,5/20/2021,GRSP,YY-PS,712491,4329596,2606
872,7/21/2021,GRSP,SR-WG,712493,4330699,2668
230,5/26/2021,GRSP,SW-YO,712496,4330000,2612
12,5/6/2021,GRSP,KO-PS,712498,4330117,2592
506,6/17/2021,GRSP,WO-GS,712502,4330518,2634
747,7/9/2021,GRSP,SB-GO,712504,4330724,2656
924,7/23/2021,GRSP,OS-RK,712507,4331484,2670
263,5/27/2021,GRSP,DK-OS,712509,4329322,2613
862,7/21/2021,GRSP,OS-RK,712509,4331466,2668
614,6/29/2021,GRSP,SR-WG,712509,4330650,2646
879,7/21/2021,GRSP,WO-GS,712509,4330615,2668
256,5/27/2021,GRSP,DK-OS,712510,4329312,2613
253,5/27/2021,GRSP,OK-SB,712511,4330105,2613
431,6/10/2021,GRSP,SO-OY,712511,4329860,2627
713,7/6/2021,GRSP,KD-RS,712512,4329382,2653
594,6/25/2021,GRSP,OS-RK,712512,4331469,2642
205,5/26/2021,GRSP,SW-YO,712512,4329991,2612
283,6/1/2021,GRSP,AS-AW,712515,4330542,2618
433,6/10/2021,GRSP,SO-OY,712516,4329872,2627
255,5/27/2021,GRSP,DK-OS,712519,4329341,2613
627,6/29/2021,GRSP,OS-RK,712519,4331445,2646
208,5/26/2021,GRSP,SW-YO,712519,4330024,2612
254,5/27/2021,GRSP,DK-OS,712520,4329303,2613
714,7/6/2021,GRSP,KD-RS,712520,4329394,2653
665,7/1/2021,GRSP,RO-SP,712520,4329905,2648
251,5/27/2021,GRSP,DK-OS,712521,4329288,2613
712,7/6/2021,GRSP,KD-RS,712521,4329404,2653
369,6/5/2021,GRSP,GW-SP,712523,4329252,2622
277,6/1/2021,GRSP,SB-GO,712523,4330757,2618
635,6/29/2021,GRSP,OS-RK,712525,4331479,2646
611,6/29/2021,GRSP,SR-WG,712525,4330634,2646
424,6/10/2021,GRSP,SO-OY,712527,4329867,2627
511,6/17/2021,GRSP,WO-GS,712527,4330516,2634
14,5/6/2021,GRSP,SR-GR,712533,4330240,2592
880,7/21/2021,GRSP,SR-WG,712533,4330652,2668
597,6/25/2021,GRSP,OS-RK,712535,4331447,2642
596,6/25/2021,GRSP,GW-SO,712538,4329297,2642
750,7/9/2021,GRSP,SB-GO,712538,4330738,2656
370,6/5/2021,GRSP,GW-SP,712550,4329253,2622
655,6/29/2021,GRSP,OS-RK,712550,4331491,2646
598,6/25/2021,GRSP,GW-SO,712553,4329343,2642
909,7/23/2021,GRSP,KW-SY,712557,4329384,2670
138,5/20/2021,GRSP,RS-KW,712561,4329489,2606
873,7/21/2021,GRSP,OS-RK,712562,4331522,2668
425,6/10/2021,GRSP,SW-YO,712564,4330024,2627
427,6/10/2021,GRSP,SW-YO,712566,4330057,2627
808,7/16/2021,GRSP,RO-SP,712587,4330027,2663
543,6/19/2021,GRSP,GS-YB,712588,4329980,2636
536,6/19/2021,GRSP,RO-SP,712588,4330013,2636
538,6/19/2021,GRSP,RO-SP,712588,4330024,2636
420,6/10/2021,GRSP,SW-YO,712589,4330028,2627
544,6/19/2021,GRSP,GS-YB,712596,4329992,2636
562,6/21/2021,GRSP,DB-WS,712599,4330496,2638
276,6/1/2021,GRSP,WO-GS,712601,4330507,2618
546,6/19/2021,GRSP,GS-YB,712608,4329981,2636
514,6/17/2021,GRSP,KS-DY,712614,4330634,2634
918,7/23/2021,GRSP,OS-RK,712616,4331559,2670
773,7/13/2021,GRSP,YS-GW,712616,4330326,2660
505,6/17/2021,GRSP,KS-DY,712633,4330612,2634
760,7/12/2021,GRSP,RP-BS,712633,4330492,2659
286,6/1/2021,GRSP,RP-BS,712634,4330506,2618
287,6/1/2021,GRSP,SK-WD,712634,4330506,2618
280,6/1/2021,GRSP,SR-WG,712634,4330506,2618
715,7/7/2021,GRSP,YW-SR,712642,4331583,2654
517,6/17/2021,GRSP,KS-DY,712645,4330650,2634
398,6/9/2021,GRSP,BR-OS,712646,4329547,2626
751,7/9/2021,GRSP,YW-SR,712659,4331571,2656
741,7/9/2021,GRSP,YW-SR,712663,4331602,2656
742,7/9/2021,GRSP,YW-SR,712666,4331556,2656
777,7/13/2021,GRSP,SR-YW,712667,4331574,2660
779,7/13/2021,GRSP,SR-YW,712679,4331578,2660
360,6/4/2021,GRSP,BR-OS,712685,4329498,2621
481,6/15/2021,GRSP,YY-SY,712690,4331611,2632
757,7/10/2021,GRSP,WR-OS,712693,4329512,2657
910,7/23/2021,GRSP,GS-YW,712695,4331571,2670
835,7/21/2021,GRSP,WR-OS,712695,4329571,2668
780,7/13/2021,GRSP,SR-YW,712707,4331576,2660
94,5/18/2021,GRSP,KS-DY,712710,4330597,2604
281,6/1/2021,GRSP,OY-DS,712715,4330585,2618
870,7/21/2021,GRSP,GS-YW,712716,4331573,2668
859,7/21/2021,GRSP,WR-OS,712719,4329502,2668
917,7/23/2021,GRSP,GS-YW,712724,4331565,2670
871,7/21/2021,GRSP,WR-OS,712727,4329560,2668
738,7/9/2021,GRSP,RY-DS,712729,4330511,2656
95,5/18/2021,GRSP,GS-GO,712730,4330718,2604
908,7/23/2021,GRSP,GS-YW,712732,4331584,2670
753,7/9/2021,GRSP,GS-YW,712734,4331585,2656
748,7/9/2021,GRSP,RY-DS,712737,4330537,2656
758,7/10/2021,GRSP,WR-OS,712737,4329524,2657
595,6/25/2021,GRSP,GS-YW,712738,4331590,2642
600,6/25/2021,GRSP,GS-YW,712738,4331567,2642
772,7/13/2021,GRSP,DS-KP,712739,4330237,2660
752,7/9/2021,GRSP,GS-YW,712739,4331552,2656
654,6/29/2021,GRSP,DS-YW,712740,4331527,2646
730,7/9/2021,GRSP,YS-WB,712740,4330733,2656
285,6/1/2021,GRSP,GS-GO,712743,4330691,2618
896,7/22/2021,GRSP,YS-GW,712743,4330357,2669
599,6/25/2021,GRSP,GS-YW,712744,4331596,2642
642,6/29/2021,GRSP,RP-PS,712744,4330714,2646
736,7/9/2021,GRSP,YS-WB,712744,4330756,2656
843,7/21/2021,GRSP,YS-WB,712744,4330775,2668
846,7/21/2021,GRSP,RO-PS,712747,4330672,2668
93,5/18/2021,GRSP,YS-WB,712747,4330801,2604
515,6/17/2021,GRSP,RO-PS,712748,4330701,2634
856,7/21/2021,GRSP,YS-WB,712748,4330803,2668
403,6/9/2021,GRSP,AS-BW,712749,4329598,2626
729,7/9/2021,GRSP,RP-PS,712752,4330691,2656
864,7/21/2021,GRSP,RK-SY,712753,4331180,2668
519,6/17/2021,GRSP,RO-PS,712753,4330702,2634
839,7/21/2021,GRSP,RO-PS,712753,4330689,2668
735,7/9/2021,GRSP,RP-PS,712753,4330686,2656
749,7/9/2021,GRSP,RY-DS,712754,4330535,2656
853,7/21/2021,GRSP,RO-PS,712757,4330717,2668
837,7/21/2021,GRSP,OP-SP,712758,4331308,2668
549,6/21/2021,GRSP,SO-BK,712758,4330257,2638
653,6/29/2021,GRSP,DS-YW,712759,4331520,2646
88,5/18/2021,GRSP,OS-OK,712759,4330854,2604
100,5/18/2021,GRSP,WD-KS,712759,4330854,2604
278,6/1/2021,GRSP,DR-RS,712760,4330533,2618
850,7/21/2021,GRSP,RK-SY,712761,4331199,2668
652,6/29/2021,GRSP,RP-PS,712765,4330712,2646
279,6/1/2021,GRSP,RP-PS,712767,4330762,2618
645,6/29/2021,GRSP,DS-YW,712769,4331503,2646
836,7/21/2021,GRSP,OP-SP,712771,4331336,2668
561,6/21/2021,GRSP,SO-BK,712772,4330293,2638
848,7/21/2021,GRSP,OP-SP,712774,4331353,2668
516,6/17/2021,GRSP,RO-PS,712774,4330705,2634
553,6/21/2021,GRSP,SO-BK,712775,4330282,2638
849,7/21/2021,GRSP,YS-WB,712777,4330744,2668
722,7/7/2021,GRSP,OP-SP,712778,4331370,2654
732,7/9/2021,GRSP,RP-PS,712778,4330702,2656
344,6/4/2021,GRSP,SO-WK,712778,4330329,2621
851,7/21/2021,GRSP,RK-SY,712780,4331146,2668
351,6/4/2021,GRSP,SO-WK,712780,4330343,2621
91,5/18/2021,GRSP,RP-PS,712782,4330738,2604
731,7/9/2021,GRSP,OP-SP,712788,4331327,2656
745,7/9/2021,GRSP,OP-SP,712790,4331359,2656
845,7/21/2021,GRSP,OP-SP,712791,4331396,2668
899,7/22/2021,GRSP,YS-GW,712796,4330384,2669
350,6/4/2021,GRSP,SO-WK,712800,4330346,2621
744,7/9/2021,GRSP,OP-SP,712801,4331354,2656
698,7/5/2021,GRSP,PS-KG,712994,4334415,2652
692,7/5/2021,GRSP,RO-KS,712994,4334415,2652
696,7/5/2021,GRSP,RO-KS,712994,4334415,2652
701,7/5/2021,GRSP,RO-KS,712994,4334415,2652
702,7/5/2021,GRSP,RO-KS,712994,4334415,2652
965,7/30/2021,GRSP,PS-KG,713011,4334396,2677
365,6/4/2021,GRSP,OS-KG,713012,4334315,2621
359,6/4/2021,GRSP,OS-KG,713014,4334305,2621
151,5/22/2021,GRSP,KK-SG,713020,4334358,2608
157,5/22/2021,GRSP,PS-KG,713020,4334358,2608
343,6/4/2021,GRSP,OS-KG,713021,4334299,2621
363,6/4/2021,GRSP,PS-KG,713028,4334384,2621
938,7/26/2021,GRSP,OS-KG,713036,4334377,2673
358,6/4/2021,GRSP,PS-KG,713039,4334376,2621
346,6/4/2021,GRSP,PS-KG,713050,4334380,2621
811,7/17/2021,GRSP,SB-GR,713071,4334378,2664
813,7/17/2021,GRSP,SK-WW,713071,4334378,2664
939,7/26/2021,GRSP,OS-KG,713073,4334361,2673
765,7/12/2021,GRSP,OB-DS,713094,4334377,2659
767,7/12/2021,GRSP,PS-KG,713100,4334442,2659
974,8/15/2021,GRSP,SG-RA,713102,4334409,2693
968,7/30/2021,GRSP,RO-KS,713141,4334388,2677
207,5/26/2021,GRSP,RO-KS,713152,4334461,2612
214,5/26/2021,GRSP,RO-KS,713159,4334434,2612
341,6/4/2021,GRSP,RO-KS,713167,4334399,2621
759,7/12/2021,GRSP,RO-KS,713176,4334387,2659
158,5/22/2021,GRSP,RO-KS,713177,4334413,2608
361,6/4/2021,GRSP,RO-KS,713183,4334429,2621
467,6/14/2021,GRSP,RO-KS,713183,4334394,2631
474,6/14/2021,GRSP,RO-KS,713187,4334385,2631
347,6/4/2021,GRSP,RO-KS,713191,4334397,2621
470,6/14/2021,GRSP,RO-KS,713193,4334403,2631
964,7/30/2021,GRSP,AA-SR,713206,4334481,2677
967,7/30/2021,GRSP,OB-DS,713206,4334481,2677
156,5/22/2021,GRSP,YS-AY,713233,4334472,2608
812,7/17/2021,GRSP,RS-WP,713257,4334462,2664
941,7/26/2021,GRSP,SO-WW,713288,4334436,2673
477,6/15/2021,GRSP,SO-WW,713297,4334457,2632
940,7/26/2021,GRSP,SO-WW,713309,4334445,2673
815,7/17/2021,GRSP,AS-KD,713312,4334381,2664
694,7/5/2021,GRSP,SO-WW,713320,4334458,2652
697,7/5/2021,GRSP,SO-WW,713328,4334508,2652
789,7/13/2021,GRSP,SG-OA,713331,4334244,2660
150,5/22/2021,GRSP,PS-PO,713334,4334366,2608
788,7/13/2021,GRSP,SG-OA,713362,4334198,2660
790,7/13/2021,GRSP,SG-OA,713368,4334238,2660
573,6/23/2021,GRSP,DS-DO,713370,4334370,2640
969,7/30/2021,GRSP,SO-YD,713370,4334341,2677
586,6/23/2021,GRSP,OS-PK,713372,4334380,2640
581,6/23/2021,GRSP,OS-PK,713388,4334388,2640
578,6/23/2021,GRSP,DS-DO,713391,4334361,2640
575,6/23/2021,GRSP,OR-PS,713391,4334361,2640
690,7/5/2021,GRSP,DS-DR,713411,4334380,2652
574,6/23/2021,GRSP,OR-PS,713414,4334342,2640
693,7/5/2021,GRSP,DS-DR,713418,4334413,2652
480,6/15/2021,GRSP,DS-DO,713424,4334370,2632
153,5/22/2021,GRSP,OR-PS,713432,4334365,2608
152,5/22/2021,GRSP,OS-PK,713432,4334365,2608
816,7/17/2021,GRSP,OB-SK,713444,4334192,2664
571,6/23/2021,GRSP,OR-PS,713444,4334331,2640
814,7/17/2021,GRSP,SG-RA,713444,4334192,2664
468,6/14/2021,GRSP,OR-PS,713453,4334328,2631
84,5/18/2021,GRSP,KO-SO,713457,4334491,2604
460,6/14/2021,GRSP,OR-PS,713457,4334344,2631
587,6/23/2021,GRSP,GY-SK,713459,4334474,2640
83,5/18/2021,GRSP,KO-SO,713460,4334481,2604
479,6/15/2021,GRSP,GY-SK,713464,4334454,2632
476,6/15/2021,GRSP,RS-WP,713464,4334454,2632
483,6/15/2021,GRSP,OR-PS,713468,4334328,2632
85,5/18/2021,GRSP,KO-SO,713472,4334451,2604
362,6/4/2021,GRSP,KO-SO,713475,4334451,2621
473,6/14/2021,GRSP,OR-PS,713477,4334309,2631
577,6/23/2021,GRSP,GY-SK,713480,4334448,2640
707,7/5/2021,GRSP,RS-WR,713487,4334538,2652
348,6/4/2021,GRSP,KO-SO,713494,4334512,2621
356,6/4/2021,GRSP,KO-SO,713496,4334466,2621
700,7/5/2021,GRSP,RS-WR,713507,4334534,2652
695,7/5/2021,GRSP,RS-WR,713510,4334521,2652
810,7/17/2021,GRSP,GG-YS,713516,4334541,2664
463,6/14/2021,GRSP,SB-GK,713531,4334344,2631
462,6/14/2021,GRSP,SB-GK,713543,4334318,2631
966,7/30/2021,GRSP,WP-SK,713545,4334409,2677
469,6/14/2021,GRSP,OS-AR,713547,4335624,2631
782,7/13/2021,GRSP,SB-GK,713555,4334310,2660
484,6/15/2021,GRSP,GG-YS,713556,4334460,2632
385,6/8/2021,GRSP,OP-KS,713556,4335396,2625
381,6/8/2021,GRSP,SB-YO,713556,4335396,2625
380,6/8/2021,GRSP,DD-RS,713563,4335597,2625
383,6/8/2021,GRSP,OS-AR,713563,4335597,2625
354,6/4/2021,GRSP,SB-GK,713565,4334285,2621
456,6/14/2021,GRSP,SB-YO,713568,4335493,2631
459,6/14/2021,GRSP,OS-AR,713570,4335627,2631
455,6/14/2021,GRSP,SY-WK,713574,4335266,2631
809,7/17/2021,GRSP,SB-GK,713575,4334295,2664
34,5/8/2021,GRSP,SY-RP,713575,4335062,2594
33,5/8/2021,GRSP,SY-RP,713579,4335054,2594
357,6/4/2021,GRSP,SB-GK,713580,4334309,2621
154,5/22/2021,GRSP,SB-KG,713589,4334289,2608
448,6/14/2021,GRSP,SB-GK,713595,4334348,2631
792,7/13/2021,GRSP,SB-GK,713596,4334349,2660
364,6/4/2021,GRSP,SB-GK,713599,4334311,2621
791,7/13/2021,GRSP,SB-GK,713606,4334302,2660
466,6/14/2021,GRSP,OS-AR,713609,4335587,2631
446,6/14/2021,GRSP,SB-YO,713610,4335492,2631
932,7/26/2021,GRSP,SR-OR,713611,4335549,2673
449,6/14/2021,GRSP,SB-YO,713613,4335546,2631
584,6/23/2021,GRSP,SY-RP,713616,4335022,2640
933,7/26/2021,GRSP,SR-OR,713626,4335524,2673
934,7/26/2021,GRSP,SR-OR,713629,4335499,2673
930,7/26/2021,GRSP,SO-OW,713633,4335034,2673
465,6/14/2021,GRSP,SY-WK,713634,4335284,2631
453,6/14/2021,GRSP,SY-WK,713636,4335256,2631
86,5/18/2021,GRSP,RY-WD,713647,4335304,2604
36,5/10/2021,GRSP,BR-SK,713652,4335224,2596
37,5/10/2021,GRSP,BW-AS,713652,4335224,2596
35,5/10/2021,GRSP,SY-RP,713652,4335224,2596
931,7/26/2021,GRSP,SO-OW,713656,4335008,2673
40,5/10/2021,GRSP,YY-SP,713656,4335305,2596
45,5/10/2021,GRSP,KO-SR,713676,4334355,2596
393,6/8/2021,GRSP,SR-OR,713681,4335485,2625
92,5/18/2021,GRSP,RY-WD,713682,4335244,2604
461,6/14/2021,GRSP,SK-PG,713703,4335245,2631
963,7/29/2021,GRSP,BA-SP,713705,4335477,2676
452,6/14/2021,GRSP,SK-PG,713705,4335230,2631
962,7/29/2021,GRSP,SR-RD,713705,4335477,2676
582,6/23/2021,GRSP,OG-SB,713707,4335120,2640
87,5/18/2021,GRSP,SO-RW,713707,4335307,2604
450,6/14/2021,GRSP,SK-PG,713708,4335257,2631
818,7/19/2021,GRSP,SR-RD,713712,4335480,2666
458,6/14/2021,GRSP,OG-SR,713714,4335115,2631
240,5/26/2021,GRSP,OG-SB,713716,4335146,2612
464,6/14/2021,GRSP,OG-SR,713719,4335129,2631
567,6/23/2021,GRSP,SO-PW,713720,4335271,2640
803,7/14/2021,GRSP,KS-YO,713722,4335341,2661
569,6/23/2021,GRSP,SO-PW,713729,4335253,2640
576,6/23/2021,GRSP,SO-PW,713732,4335308,2640
451,6/14/2021,GRSP,OG-SR,713737,4335149,2631
226,5/26/2021,GRSP,OG-SB,713742,4335156,2612
570,6/23/2021,GRSP,OG-SB,713743,4335132,2640
568,6/23/2021,GRSP,OG-SB,713746,4335118,2640
245,5/26/2021,GRSP,OG-SB,713749,4335128,2612
572,6/23/2021,GRSP,SO-PW,713749,4335313,2640
378,6/8/2021,GRSP,OB-OS,713750,4335345,2625
382,6/8/2021,GRSP,SO-PW,713750,4335345,2625
936,7/26/2021,GRSP,SR-RD,713752,4335477,2673
44,5/10/2021,GRSP,OY-SD,713755,4335205,2596
39,5/10/2021,GRSP,SY-WK,713755,4335205,2596
937,7/26/2021,GRSP,SR-RD,713756,4335504,2673
447,6/14/2021,GRSP,DR-SR,713766,4335521,2631
237,5/26/2021,GRSP,KS-GR,713767,4335511,2612
801,7/14/2021,GRSP,SO-PW,713770,4335299,2661
242,5/26/2021,GRSP,SK-PG,713773,4335208,2612
98,5/18/2021,GRSP,KS-GR,713774,4335533,2604
228,5/26/2021,GRSP,KS-GR,713775,4335518,2612
229,5/26/2021,GRSP,KS-GR,713775,4335511,2612
101,5/18/2021,GRSP,KS-GR,713776,4335521,2604
800,7/14/2021,GRSP,SO-PW,713776,4335296,2661
103,5/18/2021,GRSP,KS-GR,713777,4335506,2604
353,6/4/2021,GRSP,SK-PD,713779,4335196,2621
234,5/26/2021,GRSP,SK-PG,713788,4335208,2612
239,5/26/2021,GRSP,SK-PG,713792,4335198,2612
342,6/4/2021,GRSP,SK-PD,713796,4335189,2621
82,5/18/2021,GRSP,SK-PG,713798,4335220,2604
102,5/18/2021,GRSP,SK-PG,713798,4335255,2604
935,7/26/2021,GRSP,SR-RD,713803,4335492,2673
99,5/18/2021,GRSP,SK-PG,713817,4335245,2604
454,6/14/2021,GRSP,DR-SR,713822,4335520,2631
457,6/14/2021,GRSP,DR-SR,713823,4335473,2631
340,6/4/2021,GRSP,KS-YO,713829,4335239,2621
691,7/5/2021,GRSP,KS-YO,713829,4335296,2652
804,7/14/2021,GRSP,KS-YO,713836,4335292,2661
38,5/10/2021,GRSP,SK-PG,713836,4335274,2596
96,5/18/2021,GRSP,KS-GR,713838,4335508,2604
472,6/14/2021,GRSP,KS-YO,713846,4335265,2631
705,7/5/2021,GRSP,KS-YO,713849,4335270,2652
805,7/14/2021,GRSP,KS-YO,713850,4335293,2661
384,6/8/2021,GRSP,KS-YO,713854,4335290,2625
389,6/8/2021,GRSP,YA-KS,713854,4335290,2625
42,5/10/2021,GRSP,GG-SD,713860,4335439,2596
41,5/10/2021,GRSP,SO-PW,713860,4335439,2596
471,6/14/2021,GRSP,KS-YO,713862,4335289,2631
806,7/14/2021,GRSP,KS-YO,713862,4335287,2661
579,6/23/2021,GRSP,KS-YO,713870,4335307,2640
706,7/5/2021,GRSP,SG-KD,713871,4335414,2652
349,6/4/2021,GRSP,KS-YO,713872,4335309,2621
928,7/26/2021,GRSP,KS-YO,713874,4335315,2673
929,7/26/2021,GRSP,KS-YO,713876,4335354,2673
704,7/5/2021,GRSP,SG-KD,713876,4335451,2652
583,6/23/2021,GRSP,KS-YO,713878,4335320,2640
699,7/5/2021,GRSP,SG-KD,713891,4335425,2652
590,6/23/2021,GRSP,SG-KD,713895,4335401,2640
241,5/26/2021,GRSP,SG-KD,713900,4335396,2612
244,5/26/2021,GRSP,SG-KD,713912,4335398,2612
592,6/23/2021,GRSP,SG-KD,713914,4335406,2640
221,5/26/2021,GRSP,SG-KD,713925,4335388,2612
589,6/23/2021,GRSP,SG-KD,713925,4335384,2640
